CustomerID,Name
17850.0,ZGCCD
13047.0,QUQVH
12583.0,QLSVC
13748.0,VCLUJ
15100.0,KZIYM
15291.0,IVLAD
14688.0,ZDXNA
17809.0,AYHCE
15311.0,AOTEH
14527.0,MMVZH
16098.0,DSRYU
18074.0,LBOCK
17420.0,YODVI
16029.0,SVDSY
16250.0,ZYTVP
12431.0,STQXX
17511.0,RSUCK
17548.0,IVCUR
13705.0,SSJQK
13747.0,LXIQX
13408.0,IEKGI
13767.0,YGSII
17924.0,ZSEVV
13448.0,EATUF
15862.0,XLUYH
15513.0,NAOVD
12791.0,XBMOB
16218.0,ITULC
14045.0,ABVIO
14307.0,PQZDU
17908.0,EPFAV
17920.0,HEXEQ
,XCMKB
12838.0,IPQXY
13255.0,WMLKP
16583.0,YJDNX
18085.0,QQFNZ
13758.0,UHZEA
13694.0,LLODM
15983.0,TNTEX
14849.0,DGCQY
17968.0,MPKHD
16210.0,XCQTK
17897.0,YCNER
17377.0,TJDSB
16552.0,VVYBH
17181.0,RRMFD
17951.0,IRSGT
14729.0,SUALH
12748.0,OGXPI
15012.0,PRSHY
12868.0,MKEQW
17572.0,PKHWE
14078.0,IAYVG
14001.0,RQQCR
12662.0,WZPPI
15525.0,SZXZJ
14237.0,XLLVZ
17905.0,QPXSL
15485.0,EQSEB
12433.0,LSOKP
16955.0,SXUIB
15350.0,CZBQH
15605.0,IEYEP
18144.0,YYXAW
15922.0,XURQD
14594.0,MLWPA
15165.0,YCTDH
14911.0,ZPKWB
16456.0,JYYYD
17841.0,FJXSK
12472.0,DYRZW
17346.0,JBWWC
17643.0,CFIFE
17873.0,VOZNW
13093.0,EHPZV
12921.0,IHLAZ
13468.0,RGIRX
17760.0,OMSZC
16928.0,TUIVT
16048.0,FVLBZ
16274.0,LGJKO
14496.0,DMYGN
14696.0,EIPTF
16539.0,BUDVB
17025.0,NEIZP
13777.0,QLMSP
17690.0,ZDAQH
12947.0,WXIZX
17460.0,FDFES
18229.0,SKLXD
14142.0,JBLSI
17069.0,GDZQL
13065.0,CBPHE
14606.0,HFOGZ
16835.0,ULFIC
15235.0,JRNIQ
13576.0,IBPMC
18011.0,ZSLPC
13090.0,LLBFB
15694.0,HWLNE
14741.0,RXWCZ
13715.0,BUZGG
14092.0,AFHNI
17732.0,XALAI
12855.0,GDOUB
15752.0,HCWYM
17855.0,MTPWW
14047.0,KUTSD
17925.0,TPJWI
13941.0,HRBLL
17017.0,RFMIT
14135.0,HDLRF
13108.0,LVHGD
12471.0,REPYO
15601.0,JDDHR
13418.0,UXMZZ
14766.0,OOLWQ
15658.0,TKMUG
14388.0,PLEQV
14901.0,OEDNH
18041.0,MSNNU
15955.0,WLJME
15070.0,YTKRS
16244.0,SWQES
15111.0,STLLL
14390.0,HVMBP
16546.0,EECKM
15260.0,OKPEN
13305.0,KGYOW
14491.0,SOSYU
14060.0,DETZR
15923.0,GZVYE
16752.0,AGPGD
17287.0,HJFEI
15363.0,RSBAP
12915.0,EEEDO
15544.0,LBAFA
15738.0,YILXV
16042.0,RZMZE
17381.0,QYIHD
15827.0,GJTME
14180.0,SCMAR
13117.0,XLYAV
16916.0,PXPPD
17964.0,SFXKX
14466.0,WNRUA
17235.0,BLLZW
16510.0,PBDDR
17802.0,ILMPP
15107.0,IMGSZ
17976.0,MLVSU
14449.0,HZMWB
15838.0,VYVYW
16781.0,JRJXT
17547.0,NAWLE
13491.0,LZTLG
16186.0,GKUGL
17685.0,NYUFP
17581.0,GFYFQ
15732.0,BGYTL
13138.0,PJWVA
15823.0,XRMGG
17567.0,SXKFL
15061.0,DSMLP
16203.0,TJYSN
15640.0,PGKVX
15574.0,AWXBF
16770.0,FPNLQ
17838.0,MQYJF
17228.0,PCKVS
14829.0,NUMLT
17412.0,FGXSU
14031.0,THWUI
14775.0,LDZUU
12971.0,SRUVG
15834.0,VKCJZ
17659.0,KQYDP
15299.0,CLDJM
15646.0,ITBHA
13958.0,WOVHN
14443.0,DEIEE
14156.0,SRWVD
16995.0,SAJIN
13402.0,GURHR
18168.0,JDXXE
17757.0,NCAXH
14625.0,FCHOP
13011.0,KXBXP
13798.0,YGQRL
15384.0,NOQWZ
14264.0,SPSLF
13295.0,ZFEEM
16754.0,FJYZG
16634.0,YEDVM
18239.0,WGZTY
14576.0,QOMXP
13145.0,BOUDF
14395.0,KCVRI
14865.0,MQVEY
15093.0,UZJXN
12738.0,LUEUO
16150.0,CYDBI
17552.0,UFRBZ
14236.0,JVRSP
17961.0,VBEQC
14573.0,YBUWK
17135.0,YZJDG
17396.0,IEHRU
14213.0,FBNHP
12967.0,EAGZX
12686.0,OCMPS
14679.0,SSURP
15240.0,FXAHP
18225.0,AXYQM
13370.0,QLDUP
16883.0,OBZZH
13520.0,NJQJR
12841.0,KZITG
16905.0,GMANF
12427.0,LWKOK
17967.0,SSBAI
16891.0,OXXQV
14589.0,QJAWD
14680.0,KXUJS
17884.0,GFGKN
12557.0,PJQGA
14083.0,NYDOJ
13013.0,EENOY
14210.0,VUNJJ
16477.0,CANOT
12600.0,JLIXA
16013.0,ITEQC
17949.0,ZBDXV
12779.0,DPKBG
16926.0,PSNWL
17787.0,SFAVQ
12682.0,TJXKB
14723.0,OKAQM
17954.0,TUEYX
17819.0,IAWSL
12712.0,CDLLP
15373.0,EQMIS
16140.0,EXHZA
17198.0,WXKXQ
17238.0,OLEXK
12793.0,EMJEH
15769.0,IOODU
14396.0,IPTZT
14898.0,AWUQS
12725.0,WQZZV
16725.0,TLGFP
12395.0,ODNHI
16455.0,FOHRK
13081.0,TUEQQ
15545.0,LHVWI
17243.0,JEFDI
15465.0,PBLUK
15708.0,SRWDF
13089.0,PIUZA
16033.0,QUVCM
13838.0,CXOMD
15351.0,RHQLU
18055.0,RZBYX
15038.0,IFPAA
18109.0,UWSUA
13069.0,JQXRS
16241.0,TEVLC
14800.0,NKIMJ
16839.0,EDRYY
16168.0,SZUDE
16931.0,QZSSO
16814.0,EXWIE
13269.0,UQMRR
14813.0,FTDVY
12567.0,GSTFU
17062.0,OKNMK
15332.0,ADBVF
14810.0,KJCCO
16353.0,QFHNL
18118.0,AXGJW
13831.0,UTKAX
13506.0,HIFJA
17796.0,FVTHT
15716.0,WLYNR
18156.0,SOGFN
15221.0,JVPAA
16983.0,VSMLS
17059.0,BINNZ
16327.0,RRUOD
17211.0,GTLAR
17026.0,RJHMF
15570.0,XZBHG
15880.0,BGFLX
16718.0,OZMLD
15808.0,WLLBD
17858.0,TNNGL
16393.0,LDJAS
14161.0,BGDXE
17863.0,UAUSS
16411.0,HIOOS
16402.0,ZKSZT
15023.0,MEJEO
17402.0,DAMRG
15426.0,OQBUV
12647.0,MWTVS
15894.0,FIPHM
15867.0,KIDKH
14506.0,HPJBA
15555.0,PJLJL
13034.0,ELUEI
15889.0,FHIJV
15953.0,MCJAQ
16143.0,FGZMY
12720.0,MAREM
16422.0,AAMHG
12747.0,XYGYM
15502.0,JPWYY
12763.0,PGYYH
14081.0,MWEMJ
17965.0,YMDRW
14404.0,YGLUZ
13579.0,ACCQM
13174.0,ENOMU
15987.0,LCNBQ
17677.0,TTOTL
13652.0,DTLHP
12586.0,KMKOX
17428.0,CUBPO
16161.0,OTEXB
16858.0,IESZC
18219.0,DZZWI
14293.0,ZUODI
14748.0,PUKDO
16638.0,GNMOW
17674.0,DTWFU
12808.0,ZWORN
13094.0,MTZVA
15899.0,BQWOE
12708.0,WZUFT
15898.0,OVMPX
17691.0,ABSDA
17227.0,YEZFJ
15039.0,WQERP
15919.0,JSJVB
13497.0,PIAYW
15860.0,FLOVL
14189.0,PSLHK
15304.0,EGVQX
14867.0,UMJPQ
14344.0,EFJFD
12474.0,OFRTW
16719.0,OSNGZ
15048.0,FOWQJ
15301.0,WIKRR
14708.0,FVUID
16898.0,JKYVO
14825.0,WPFLI
18113.0,LZOVU
17596.0,GWDQZ
15078.0,NQJUK
14085.0,EPCBK
17860.0,PDTHS
13155.0,CWAPU
15028.0,GXASI
16919.0,FHDNB
17259.0,JPXWG
17019.0,JYKJR
14487.0,DXLUM
16722.0,ETBYB
15882.0,VNHXG
14667.0,XHQVZ
16710.0,MUWZT
16550.0,GAEIA
15984.0,TTDJC
17682.0,RRZQE
16658.0,TVAYD
17068.0,VAHLO
15356.0,BXVAN
17223.0,HMZFJ
16817.0,NQJOE
13030.0,SHKSZ
17191.0,JEUAN
15194.0,MSXLW
14409.0,ILKZR
16654.0,RBBFT
16861.0,CWORR
16138.0,XZBNI
13481.0,KSVWD
13495.0,AGRUW
17519.0,UYOCV
17218.0,GXWAO
17812.0,CFVVB
14215.0,ATXHV
15602.0,ZUKQE
17320.0,VQLCC
16782.0,DDBAO
12913.0,AFYJI
17869.0,BBOMN
13564.0,GAQVO
14850.0,OQZZL
15021.0,TPSHU
13963.0,SUURX
17450.0,TAZSA
17091.0,TWPFX
17470.0,BGVKH
17616.0,BHVQZ
15649.0,UBHQK
12681.0,BIDHU
14907.0,HQVXB
17735.0,NHIUD
16059.0,LBMNZ
17720.0,USRQN
15018.0,XAAVE
14733.0,ZIGHU
13756.0,LEWHR
14176.0,GXJPR
13319.0,VQANT
15353.0,ZWPLS
18119.0,NIODV
17491.0,UKQWC
14282.0,FRHZY
13569.0,SVPVP
15498.0,JHTJI
14673.0,UDLZP
13488.0,KZHMF
16221.0,NLEUH
15002.0,TNYFS
15965.0,HWHLB
15024.0,NCTZW
17675.0,MYURW
13769.0,OAEXU
16904.0,QGJDT
16086.0,LYTSM
13786.0,SDLWY
13880.0,JBHYX
13173.0,VAOWW
15858.0,CJHJI
15180.0,ACIEV
12347.0,BGEZA
14739.0,FFHCR
16293.0,UNPDH
17419.0,ZWLEE
16775.0,GPFBV
16306.0,TFFSP
16950.0,CVLAR
17591.0,FQZVP
12839.0,FDMHB
13807.0,SRFGG
16125.0,JMDED
15081.0,DGISL
18102.0,CKQQQ
16365.0,HVUTS
17870.0,QFSLG
14821.0,JMPJH
16863.0,JNBHH
13078.0,SBTHR
13267.0,ZYHBN
13050.0,BBBKI
12709.0,GYTQO
15628.0,FXMFR
12386.0,VVIEI
14796.0,DLETR
16779.0,UONUY
13599.0,VNGTR
13329.0,KLCNW
18077.0,ARCRY
14744.0,XIHEP
17406.0,TJBHC
15750.0,NUIYR
13983.0,OECZJ
13842.0,OORTC
12441.0,GXMTQ
13199.0,OTDCS
14032.0,VVKWA
17706.0,JFTGI
16081.0,RQDLT
16525.0,TCUOM
14952.0,EEPEN
17975.0,BZRGX
16122.0,WBLSO
13126.0,UOPBH
15973.0,RLYBQ
16558.0,WBCYZ
16713.0,VDYIJ
16893.0,ROZJG
15529.0,BMLYK
18043.0,XTJZK
16016.0,ZAEZA
17722.0,MZEWD
17324.0,MTGSI
17341.0,OHVUN
14051.0,XHVYO
15916.0,RDZLQ
16233.0,JMUZA
16385.0,CPSPG
15032.0,UGLUI
17213.0,AKKOW
18061.0,RZPMS
13113.0,QUBAP
16553.0,RRJGA
13455.0,TSTBI
14217.0,OUMMX
17262.0,UOEWW
14299.0,UIAQH
18259.0,UPEOV
17676.0,DKDAQ
16679.0,OWUMR
18269.0,DRYKY
12766.0,GUJLW
15298.0,KVYHL
18193.0,YZLWO
13523.0,GJPMX
12870.0,QLWOO
15005.0,DVDED
15581.0,LSQUI
15680.0,UCOEX
13649.0,IVAWW
17894.0,LSENY
13270.0,GGZEB
14618.0,IZKUV
14866.0,TVNEB
13077.0,RKGAA
13115.0,PTDAX
13531.0,LTLSE
13848.0,SNGOF
13140.0,ETYXH
15713.0,KEHLG
17999.0,WOCMB
15347.0,ZXFKJ
17340.0,LEOCI
13984.0,PPLUL
15996.0,SLYZF
14030.0,MLSOJ
16252.0,PBHZM
16596.0,WWRHW
16700.0,MUQQG
16011.0,WCSEB
17655.0,QTVKA
16717.0,BEMCV
14243.0,UTTXH
12963.0,RJAQN
15079.0,VYVJX
14437.0,UGLTP
12942.0,CCMKG
15660.0,SRBBF
18092.0,TFQIC
15358.0,BQDZV
12481.0,CKVAF
12721.0,ETOYF
12621.0,ALGZA
18071.0,VTYLO
12683.0,VSYIE
12755.0,NLGJI
13854.0,BOPTJ
12797.0,JLNNZ
13369.0,IPOGW
12494.0,RQYHO
17857.0,VHKXM
17411.0,IXZFG
14932.0,VIWZA
12429.0,YSULV
14987.0,GYEFX
14355.0,RDLDN
17526.0,CFNLJ
14896.0,WFPMO
14440.0,ZPYJQ
13240.0,LLWGH
14479.0,AZBLU
16065.0,MXRJS
17430.0,SFDUI
16520.0,FOUUM
15945.0,EKUAL
15181.0,UQOAA
15856.0,ATPWP
13102.0,ZTOXY
14205.0,DTGMN
17702.0,HKPPT
15271.0,GMHGT
13982.0,KLSZV
15288.0,DJCGZ
17978.0,YGLZR
16795.0,AZODQ
16519.0,EBUMZ
17816.0,KOZRT
13021.0,BHVXI
16255.0,WQGKI
17671.0,IITGB
17646.0,AKVGT
12649.0,BGGKA
16350.0,WMHNH
12872.0,YVDIO
17339.0,VYESF
18230.0,FATCX
16499.0,LOKLI
17097.0,HHUVG
15192.0,BPJZN
14441.0,BYZAX
15279.0,KAYJY
16579.0,MIMDE
15380.0,PCYEI
17442.0,GAIHB
17950.0,YBUZC
12826.0,IRIEM
17456.0,IOIDT
17307.0,DWNAS
15811.0,IRUZE
13327.0,IGJXQ
17700.0,KKFLR
13136.0,ILTIB
15535.0,FPLFT
12605.0,VPCDL
15329.0,YAQBC
15211.0,MCMIV
15596.0,RFINT
16163.0,EAAWJ
16907.0,DFZSB
17576.0,IHMVA
14713.0,LIWWV
14702.0,GFJLJ
13230.0,YLNNT
13969.0,HZKPQ
17530.0,NSTDW
15805.0,LNWJL
17696.0,QSYDE
17076.0,CSYQH
17827.0,QIDYC
16265.0,NJACD
17880.0,VCTWL
13000.0,SQMWK
17790.0,PNESA
12731.0,FOXXL
14419.0,AYYRK
14082.0,VLHHH
17912.0,ZSUIP
15723.0,RGCGV
16656.0,NYVQC
14037.0,ELETT
14256.0,OPEPD
14543.0,FENMN
16062.0,BZLYC
18116.0,AUGFO
16019.0,INNJJ
18178.0,BFMSN
18065.0,HKHYV
13148.0,THBJF
12989.0,SVEUZ
14107.0,GLIBQ
15881.0,CPSIA
12785.0,VSPEL
16727.0,KDLRG
15514.0,EVMJP
13787.0,XWTOL
17865.0,QSFXX
17220.0,MPHZQ
16565.0,NJANW
16873.0,AHFNI
14062.0,HRJRB
15179.0,GTWKQ
18016.0,AHLIB
14448.0,HHDXU
15503.0,VNGJC
17251.0,WNKPZ
16923.0,HOHJB
14159.0,YQTCO
17126.0,VEEKQ
15224.0,VYMBG
14577.0,EFIDP
12753.0,QCLGV
17236.0,LOOXO
17372.0,FAEIL
16367.0,XDHIS
12875.0,CBXQZ
17917.0,YYAPD
16010.0,YPKRU
17085.0,LJFHQ
13668.0,DMGTL
14684.0,AVRNW
17188.0,YALJR
15547.0,RLAKZ
15998.0,SBHPY
14413.0,WIWQK
18004.0,RDGFU
13959.0,LSEZE
16665.0,QXQVH
15454.0,ITNPK
15044.0,SCNWH
17937.0,HNRYL
14608.0,GGUVK
17618.0,QKAJV
14505.0,OEGVH
18037.0,HHUUT
13198.0,EEYZJ
12540.0,ERROI
13225.0,DRZRY
15361.0,BKLYG
15689.0,GNWMP
14290.0,GOUFU
13209.0,PKGVF
13999.0,XIPDM
14498.0,KNULJ
15854.0,AJVCB
16701.0,TAUTY
16927.0,ICWAB
17990.0,NIBDY
14544.0,YAVOH
17338.0,PJNVB
17231.0,FCPVQ
17799.0,KHEFA
14565.0,UFGXL
16726.0,QOFQK
17303.0,SMWWN
14639.0,QJREC
17611.0,CNUXK
17179.0,JCUIO
17524.0,JPRHD
12476.0,SYIQX
17293.0,XBCOB
17890.0,WWWDQ
17375.0,CYEYZ
17371.0,IAVDJ
17969.0,DYCCR
15159.0,OCJRX
13211.0,KQVRS
15777.0,PGRTR
14525.0,ZJXAV
13324.0,ZPGRS
13802.0,DWEJT
13948.0,PAGFS
13008.0,YDQLH
14206.0,GYBSH
16202.0,WSHGP
16442.0,GOHSG
18075.0,YUCFO
15468.0,GISIM
16570.0,FUZRW
14524.0,LAKLP
18141.0,YGDFR
12434.0,PLYQP
16810.0,NOGSA
14961.0,SLUAV
17041.0,IJJUS
16458.0,IAIHG
16083.0,MAEHW
16262.0,ENPYK
17194.0,UOMIL
14057.0,DXLEY
14871.0,VHLZB
13178.0,KJXVX
18044.0,KQQYJ
16812.0,VKAZH
16191.0,GNZLT
12370.0,WYHDB
14298.0,VXOOC
17158.0,FKMVZ
14415.0,URFXM
16899.0,QGYJV
16531.0,NKLWP
17404.0,IJQQL
16556.0,YJHDX
16805.0,BHHXY
16503.0,OHBUL
17739.0,KHZRC
13238.0,NZKYA
12829.0,UTESS
13097.0,KUCMB
12867.0,KIDIG
15392.0,JMFMR
13846.0,LRMYB
14401.0,LUSNS
16145.0,VCZCF
17629.0,LVNXG
14150.0,FRZXN
13496.0,EJFHX
13611.0,LIMOH
16954.0,AMMDJ
17454.0,FXBEA
17449.0,PDAMM
17230.0,WBKMM
12865.0,FMKEN
15950.0,YUDBJ
15512.0,ICCKC
17525.0,IGCMB
13458.0,JCDBY
14426.0,RFNTD
16003.0,HGVBV
13092.0,QLUPX
13426.0,HQTSK
15101.0,DPKHG
17033.0,EMCUQ
13221.0,LIYJX
14201.0,MNQGG
17692.0,IJDRS
15822.0,WZERX
16134.0,FZCJS
17551.0,KQQND
18050.0,XELOD
14913.0,BKPDS
12666.0,ONAQT
15641.0,IKCDG
13124.0,WUMRC
17214.0,KFBAC
15456.0,LBKJA
15062.0,AINHZ
12928.0,DIGOU
15727.0,HGOUI
17980.0,QNSGE
15290.0,MSODO
17752.0,OLTJO
15615.0,IDUWB
12577.0,MPRBV
17044.0,DZSPB
13829.0,WKHWR
17633.0,XRUHT
13266.0,RWCUY
17820.0,TPBRQ
15664.0,KTYTY
17189.0,VPKYG
17496.0,HHLEO
16607.0,VLRBP
13317.0,BLIEF
13890.0,USYUU
17001.0,MAYGR
15246.0,ANMCM
16996.0,ZWFOF
15482.0,UIXLW
16037.0,VXPVF
14841.0,JVVTY
16670.0,OEIHU
16985.0,BQRVR
16705.0,QNWYA
16470.0,REWSE
14414.0,NAOYQ
15563.0,MYUYH
12980.0,AXHPQ
16746.0,VZDOD
14878.0,MOVKB
16743.0,WTJBQ
17146.0,CSPIF
12877.0,SAIEC
15394.0,HJFID
14621.0,RWFWK
15379.0,BJFIH
14309.0,LCTVT
17288.0,SMMGW
14709.0,AWXSK
15157.0,FWPYZ
17744.0,MKBBF
16316.0,ELGAI
15620.0,RGLHD
15789.0,DXFFD
16560.0,QJLMH
13534.0,KNYOY
17580.0,KUEVE
14777.0,NZEBF
15759.0,UYHXO
14373.0,JYXML
18176.0,SEHPF
15366.0,SNJYB
14735.0,NGXIV
16271.0,ORMVO
18223.0,LCSDC
15532.0,QBMMV
16816.0,LGPGG
16684.0,YIYLE
14334.0,XUBBM
16945.0,JMOTZ
14643.0,YZFJK
15197.0,UFQCA
14220.0,WYGVV
13874.0,QSACN
18260.0,OTQRJ
17848.0,LDQAR
17392.0,YRMSX
12348.0,FSIBY
14985.0,LUTFJ
13004.0,SAROH
14560.0,AKYVL
12931.0,JWVRJ
13627.0,NMNQV
12551.0,FWGAO
12782.0,NBNQZ
14769.0,QSPRH
15780.0,PRVTL
12417.0,CVRYX
17315.0,GVZNQ
16711.0,JZTMD
12726.0,FLZDF
15204.0,TDDBF
17888.0,BIKGX
17007.0,RXNQX
15160.0,WGCBG
14016.0,PORLJ
13033.0,EMFMD
12691.0,UYLVP
13869.0,PIMHR
14146.0,RANFW
12705.0,KENGL
16885.0,XPVZW
17913.0,VRPOK
12668.0,JTMJZ
14472.0,SCQKO
17358.0,SSUAU
16686.0,UZKJY
18245.0,ZSJUP
17343.0,YELWY
18256.0,NXDFT
16153.0,DHXGY
12377.0,RBIBN
14646.0,DREND
12944.0,BCPBD
15312.0,DKGFF
14099.0,FEKOS
14113.0,GOOTD
13104.0,AJZRR
17204.0,LXVGS
13027.0,MYASN
17621.0,TYOIM
17090.0,RUTTB
14119.0,HQQUN
15527.0,LKRWE
18097.0,OOMQJ
15460.0,WYGPI
15034.0,YZXJT
12423.0,RFOJP
12678.0,XKXUA
15208.0,BTVGS
17306.0,BMTNR
14737.0,YTDIL
13029.0,IFCSM
16270.0,PBSZP
13487.0,JGWRJ
12515.0,TMYAG
17400.0,NLRIV
17593.0,KQBGR
13953.0,SUXHK
14533.0,AEVOR
12734.0,BSIWE
14944.0,GPPIG
17239.0,IIWRU
14532.0,BHHLG
12383.0,NDJHG
15562.0,QTCEI
15587.0,FDIKM
13922.0,FNIPH
13817.0,LHBAZ
12585.0,CIVKG
13165.0,IFGFZ
13304.0,SWQHE
13313.0,STARJ
16875.0,SGAOA
16282.0,TBVQA
12957.0,LANBC
14462.0,HNJEN
13397.0,MIWJY
13680.0,RISJR
12483.0,DKPES
15164.0,MNMUW
17457.0,GFYNQ
14732.0,BPKML
14221.0,QOBZK
14553.0,SXBXM
13253.0,ZWQQX
17389.0,PPFBX
12578.0,DIGEV
15841.0,WJEMQ
16112.0,RGMZH
13629.0,VXVGM
16600.0,ATKXW
15661.0,LNQYQ
16532.0,SWMBV
15266.0,RJOLD
14653.0,BUWUT
16771.0,ZNEDI
17585.0,ERLJK
15046.0,JLMBB
13082.0,PAXUY
15464.0,WPMDV
18226.0,TJFIV
18062.0,DBNKL
12415.0,YJHLU
12503.0,YZWAG
17368.0,HGHDN
14258.0,ZKLXX
15719.0,UZCBU
13368.0,APWKO
17634.0,IHCOQ
16676.0,KMJWJ
16424.0,ZHSUO
18283.0,UYTAQ
12735.0,DKYUY
13764.0,UAAKN
13656.0,NWANK
12413.0,JTWCC
14312.0,FAKSK
13280.0,PMYBX
15845.0,MAKSS
16094.0,YWHSQ
13187.0,AXBMZ
16567.0,GMLJT
14828.0,ORTDF
12530.0,RHVBD
16551.0,GPKUK
16889.0,BREDP
16473.0,RBWTP
13750.0,XVWKF
12501.0,MRKPD
15607.0,CLBQU
15139.0,ZUGNZ
12489.0,ERAQV
17707.0,CVZQK
18198.0,LYGEU
12484.0,ZHOYG
18179.0,FLSHQ
17284.0,OLLLJ
13233.0,MREQD
14889.0,JSOFI
12480.0,NWODO
14672.0,WHXSG
13593.0,UFQDT
13162.0,USZQE
13183.0,OLXUU
17095.0,FRQYR
12939.0,IKWEY
15611.0,UWPOX
17114.0,SWLXK
15059.0,IHZCS
16326.0,GVGXI
17128.0,BUSUK
14761.0,YQNIY
17555.0,KCPUT
12651.0,ZRFMD
16735.0,ATMPR
16833.0,DECIY
17800.0,UHNYC
16748.0,PIBET
14755.0,KBYSD
16549.0,CTNUR
13565.0,YFMMB
15799.0,RVLQX
18032.0,IXKDY
13451.0,SZETG
14794.0,TAUFX
12539.0,XSOON
12500.0,ESELW
18171.0,IDGCP
16279.0,ADNDH
12524.0,ZKELY
17811.0,STCVK
16850.0,QLIVB
14321.0,VCWHN
15326.0,JEICW
17849.0,EWAQF
13672.0,VUOBH
14229.0,QWDOP
13107.0,TUHRC
16497.0,JIHXQ
16303.0,GTTVW
15281.0,JSLVU
12736.0,LUGIN
13473.0,EDCDE
14320.0,EZKVO
12393.0,XEYXK
17742.0,NUPPC
16351.0,ROHPG
12601.0,PQFGR
13144.0,QATMN
15346.0,BDRHB
15370.0,JQRYW
12643.0,CNMMM
14295.0,IUSDX
16034.0,PLHUE
17365.0,WWDOG
15189.0,GDVRH
14669.0,YKJVS
18095.0,QXQYV
15518.0,QCHVN
15749.0,DRSBL
14209.0,PEKFX
15569.0,CIMVY
12728.0,UTLDJ
17569.0,SIJGE
13784.0,CNQIB
12724.0,VBMBU
13862.0,INAHC
16791.0,EKPLE
16235.0,NEQSE
14270.0,IERFV
12665.0,HEBON
12523.0,NYQLD
16655.0,EWRUQ
16359.0,AJOKC
16554.0,AOBLM
12359.0,NWFNP
15939.0,VKQUI
14587.0,GJHZN
14715.0,KQROD
14185.0,TVQWZ
12437.0,TGNJR
14040.0,QTDEU
12652.0,SAXFC
14514.0,DGBPX
15171.0,HAMAQ
14167.0,XKEHQ
17048.0,JPEOY
17364.0,QAXWR
13284.0,DVBZF
16500.0,XWMIM
12951.0,JXTXU
15835.0,NCNDQ
18190.0,MBLNH
13993.0,RYBTQ
14114.0,PUIJJ
15447.0,NPQDF
16315.0,WNCDO
14978.0,CGQQN
16395.0,RSSFF
15510.0,NWPKO
13614.0,YGRJD
13246.0,RKQRQ
15687.0,IVXBZ
16493.0,LFCUK
12490.0,TENZA
12672.0,MUICY
13385.0,QRWDL
15626.0,CFKHS
12553.0,EIIWB
15213.0,RJOYX
14175.0,BVUKT
18106.0,TRHGD
15033.0,FTMDA
14329.0,IKZQG
16401.0,QRTIK
16206.0,JAAQH
13782.0,HAHFZ
12924.0,KNAHS
16593.0,HVJXK
13700.0,NIRUL
13064.0,VZKFD
13048.0,DSYBB
18069.0,EVIAD
13634.0,PQDDX
16843.0,IZRFV
17064.0,SZKLR
17609.0,SUQQH
15673.0,EUMIZ
12626.0,AAATZ
14976.0,CDHPK
12388.0,XVGYK
13527.0,WVTDF
15696.0,AQPYY
15316.0,OQIDO
12673.0,GOLNT
15296.0,ZYONC
17988.0,GNMXE
12820.0,SXFAJ
13001.0,HJJBO
14101.0,TVABI
14238.0,SDYML
17730.0,PLGOI
13929.0,DCDQE
14657.0,YGPNF
13859.0,MNXVZ
18212.0,RTYGN
14292.0,KYVYS
13883.0,TJKVA
18233.0,KCUUR
17018.0,PUOTG
14242.0,MQNKU
12356.0,TQOLX
12346.0,LNUVZ
13898.0,BBONV
16948.0,EZXET
16997.0,CGSVB
12527.0,VAVIM
15395.0,EVZFK
12510.0,WIMPM
13693.0,NBYKF
13263.0,UIYAK
14428.0,ZRKJP
12451.0,PCAAG
12422.0,SMBFY
17708.0,KVOOM
14090.0,OTWFY
15606.0,FHGZD
15831.0,UTHWR
13310.0,VXAJK
14916.0,KIANQ
17602.0,ZFXID
14572.0,VGRAZ
13502.0,QPDGG
14784.0,ZWXIM
15938.0,DEGXC
12637.0,HZKDT
17418.0,IPWWR
14779.0,SRDKE
16321.0,XYJKR
15262.0,YYEWX
17862.0,ECRUF
16892.0,ZAUPC
12402.0,CXXEP
17771.0,ZOZBG
15422.0,RJCSR
14770.0,IVCSC
16912.0,NBSWL
15174.0,NOSFO
14895.0,YEAQW
12594.0,KTNHQ
17504.0,JJLKH
16387.0,IYEWG
12664.0,LRNRC
16618.0,KELHO
17277.0,DXZOO
14088.0,SWLPX
17094.0,UFZQJ
14692.0,IDJDZ
12970.0,IXMOJ
17889.0,DGNEZ
17644.0,DKCSX
17714.0,MIVHH
12916.0,PLSOM
17769.0,QMNLW
14450.0,RVCCD
16085.0,JSSBS
13659.0,ZUFOM
15167.0,CRJUK
15443.0,TCBQS
14224.0,RLWVV
13742.0,ZOSYK
17673.0,FBAUL
12727.0,PDCEL
14068.0,UHQAA
13068.0,IPKKJ
14368.0,RONRD
15497.0,OGTJE
12559.0,NCRVM
13819.0,FZNDF
14501.0,UKWLM
14782.0,YVTMT
17861.0,XYRRF
14439.0,KXUOE
18161.0,GWAQL
15820.0,QKOTJ
18136.0,VSNNN
16660.0,AENAM
12693.0,AZQOB
12625.0,MLATE
13396.0,GFHPM
12935.0,KFEHW
16730.0,QFRBJ
14541.0,EAEUF
13551.0,TKMMR
12421.0,OFRXC
15797.0,CKAIP
15052.0,YRGQJ
14130.0,HJDQA
15222.0,LUMMT
13615.0,UQUTM
13901.0,BFRLK
13158.0,BVYZW
14257.0,MVDYR
15218.0,DYOBL
15110.0,PLNGD
14534.0,PZCCY
15967.0,YFWZM
16757.0,ZWSOF
12854.0,CMMAZ
13815.0,ZHYRY
18008.0,GAUDA
18277.0,DMVQA
14389.0,SSWXL
13703.0,RMROD
15339.0,FNYMU
12744.0,RRBWG
16222.0,GFEWL
14341.0,MNRYQ
13168.0,YJXRH
16943.0,GDZKL
17515.0,ZWUTE
17082.0,YAEYB
14248.0,KLXEJ
12609.0,HEOWQ
13002.0,QFQOB
16133.0,PVKCP
13049.0,AMMTL
14548.0,MCBBG
13405.0,BOFRH
14049.0,PTYRR
16043.0,ZMMJZ
15812.0,HCYVI
13837.0,SZKYW
17118.0,MZNCS
14616.0,UPGZC
14233.0,MJOED
17075.0,TKMTD
16714.0,IWGET
13098.0,YAAVM
17027.0,YXKWB
12591.0,PQSSP
17786.0,JQQDL
16124.0,BUNZH
16409.0,HAERD
13754.0,XGIUC
15227.0,EKRUS
12997.0,NNZSN
15215.0,EALGL
16918.0,MZSJP
16882.0,CZPKQ
14442.0,FSTQE
16496.0,ETCGO
12764.0,SRBOX
17311.0,VMNCU
15910.0,MIVLU
16949.0,BSKME
14970.0,FNOEK
14701.0,CFCDS
12645.0,XERHF
12468.0,JTCBG
16767.0,CEAVI
14738.0,DSADE
17540.0,WTGJD
14239.0,OKPFV
18125.0,EUYQO
13328.0,MJFYU
15549.0,LJKUL
15864.0,ZZDOB
14662.0,XUQYC
17180.0,XLRKR
15057.0,CELXA
12574.0,TILKF
13330.0,DVWHF
13552.0,BCTPR
12853.0,TYYJM
13538.0,AWVDU
16755.0,MDZTO
14133.0,XWOZM
16523.0,HYADP
14659.0,XGEJJ
13141.0,VIWXG
15365.0,GLWPT
13707.0,GMGCH
13709.0,BIKBH
17329.0,WKGOG
14805.0,UUXSM
16897.0,CLNNU
15579.0,YXSID
14595.0,GGIUS
13161.0,QEMPX
15415.0,LWGII
17431.0,TJXUE
17463.0,ZTUGR
14502.0,HXOEB
12528.0,OBQKS
15448.0,LWENJ
17314.0,ILVVZ
17373.0,GAWZY
18145.0,LUCVQ
14467.0,KRJYD
12908.0,QUEND
15144.0,NAZWX
14776.0,AYFOU
16403.0,QCDBF
16407.0,SWMBZ
17619.0,SYXOP
12778.0,AGIDQ
17256.0,QJHGR
17604.0,TCGLR
14006.0,HCTUJ
13600.0,OMDVU
15058.0,PYUZW
17147.0,QYCME
13881.0,MUPEJ
16612.0,MGLJJ
14627.0,PDNZK
17356.0,MBLDZ
12477.0,VYTLI
12836.0,EVWBN
13939.0,EMSVB
16745.0,HRHNR
13606.0,NGPKD
13494.0,JGHUI
12929.0,LDJBY
16419.0,UHKCO
17035.0,NEGFQ
15203.0,PUFSX
16515.0,LSYBK
12373.0,MSWPM
18202.0,WMXDF
12775.0,SKDIL
14549.0,FLOPI
15981.0,AMPHO
16110.0,GVBWV
17376.0,QFSMA
13110.0,JEFKW
16716.0,GSAID
12676.0,MNCSA
15940.0,FTFTX
15971.0,CCTIV
14665.0,GBJOK
14457.0,JHHYQ
15589.0,PJUKN
14411.0,VVVLJ
17560.0,QVXCM
15226.0,XWGJV
14460.0,ZTSFU
16156.0,YGJOR
13728.0,ERPZI
14127.0,FEULV
16378.0,SBKSV
13894.0,WAARM
13824.0,ZMXWQ
18250.0,DKZCN
15270.0,RAULL
14188.0,LWXEA
18017.0,FHFNW
15421.0,NLBNQ
17446.0,MCTVJ
12414.0,MRLLC
14798.0,ASUNZ
12990.0,LBGJW
12350.0,NXSTV
16992.0,TIMXH
17337.0,NKAPM
16405.0,BOQQF
17071.0,GEEKT
13873.0,LNORM
17362.0,GRLSN
13394.0,PBGRL
12502.0,UCMVQ
16333.0,NXVUH
16030.0,LQCTQ
14044.0,LQLWN
13800.0,ZVZIR
17672.0,ROXXZ
12464.0,IMSEC
13581.0,SKFXY
14540.0,NXVCI
13539.0,WEZEN
15885.0,UGHKW
14497.0,WASGM
17507.0,EEVNL
13208.0,OZUWI
17334.0,QYQHP
13871.0,OHMAZ
16938.0,PBMYX
12754.0,YLDFJ
12410.0,LGYXR
17929.0,TZMJE
14778.0,QYINP
17517.0,NSWLZ
17226.0,YOMYJ
13137.0,UCZSG
13725.0,PRTHO
13309.0,XEAIM
12842.0,YTAMQ
16109.0,UBLPF
17291.0,BTGZF
15090.0,HCHTM
15199.0,LOAFK
13911.0,TUFUO
14194.0,GTIGZ
14842.0,WDXBP
13584.0,QPWFB
17105.0,LECGX
14438.0,KGFEN
12956.0,LEUEK
15781.0,EDGQH
14410.0,UWNED
14600.0,FREXK
17302.0,PQDUW
17613.0,CJTWS
13334.0,XBDDD
13955.0,VEUYS
17162.0,GXVLM
17774.0,AVEPB
13809.0,RLNVY
15407.0,MHNMX
15577.0,FJUZZ
16332.0,TVKUD
14048.0,BIXJX
14475.0,PUGEH
17859.0,BZFCB
12576.0,YHVRP
15753.0,OPFHY
12599.0,IVUZY
14562.0,QENSI
16951.0,JFLQI
16998.0,CNSRL
13133.0,HPPUH
17881.0,RDAKV
15843.0,IFWML
17083.0,HKOLD
15970.0,UTLOA
13590.0,HEXOJ
17537.0,UOAVN
12401.0,NUSFA
12462.0,IOZVL
17843.0,ZGIUU
13706.0,DLAOA
17940.0,SWVVG
17686.0,OTDBG
14431.0,PAGYM
15809.0,MYQTG
12561.0,NOLUB
14465.0,SUYVZ
18093.0,QESXH
16027.0,KEQHY
12857.0,FMUSS
16425.0,LMBYY
16842.0,LESUX
15796.0,TZYPT
14555.0,BSOUP
15114.0,EKOYX
15133.0,FRHQH
17705.0,QWIVR
18087.0,FNPVU
12897.0,OEMXL
17512.0,TOKVW
15550.0,JYKVB
14676.0,FRHBR
12505.0,WBFIT
18159.0,IRCFJ
14304.0,LZOXZ
15638.0,EGTOW
12943.0,VKESK
13875.0,PRYQG
15406.0,FZBWB
18084.0,VQUGL
17282.0,MOTDT
16434.0,JJNOD
17050.0,VONBD
13171.0,CGKYM
17472.0,HZMPV
17255.0,FKOIU
16084.0,CXSIB
17667.0,BETCU
12507.0,SQMMU
14631.0,ALVEA
13381.0,HWPEO
15236.0,YUEPP
13475.0,PKAUS
17829.0,KRCQT
13717.0,LTSBM
13157.0,QSSXM
14644.0,IFOOU
12993.0,FVDZY
17571.0,SPLHH
16979.0,DKNBX
16738.0,YWIWS
15122.0,AXHLB
17612.0,SZKMH
17348.0,PWOKJ
13893.0,DBDYB
14035.0,RZRKZ
13623.0,UXMYI
14346.0,PEDTS
16431.0,DYMWO
12616.0,SOXIX
16317.0,VTKAO
14935.0,IHQZZ
16073.0,YYVNK
14477.0,XLXZN
14760.0,OFHSO
14897.0,QMCKX
15810.0,LRRAR
16509.0,GZGLJ
14386.0,NQDFT
12455.0,QRQFC
14530.0,RPVPY
15670.0,ZQFCL
12653.0,HEOFB
16126.0,VXHBF
14609.0,WGHLN
13414.0,JQSRP
12823.0,QUAMU
12352.0,ATBHG
12372.0,GVIIP
16494.0,EASKF
14959.0,ZWMEI
16148.0,TONEN
17422.0,TQYLF
17175.0,YTSFK
18257.0,FYBDC
12362.0,WOWDR
13018.0,RJTOQ
13718.0,IMMIK
15382.0,YCNUG
14754.0,WOHIR
13151.0,EWOVM
12654.0,SJHQT
13085.0,BRWSZ
15903.0,RWAUF
15785.0,GOZER
18138.0,OETYX
14379.0,JQLMU
14211.0,LLAKJ
14371.0,IFWHE
13425.0,DQXRS
12852.0,QFZZW
15228.0,VNPOG
13012.0,GVYNK
16182.0,CWMWC
13489.0,OBLZT
12714.0,KNRLV
13904.0,LDXOB
15755.0,CFJOY
13932.0,MMWWW
13799.0,CJDTU
13951.0,NWUVP
16765.0,KRAFG
18172.0,TKRBA
16566.0,IEGGF
12891.0,CJXIB
16466.0,JHSAI
16115.0,VARZP
14162.0,MLCKC
13301.0,GEFGP
14803.0,ICQUR
13744.0,DUVZW
12988.0,SSEUP
17323.0,ZGISH
12707.0,JMXWZ
18094.0,YBGNH
15129.0,EFIIY
17361.0,SWIWP
18155.0,ZGEMK
15321.0,XDJSC
13477.0,DASNO
15065.0,PQJCS
16980.0,MUKDP
15146.0,ABLAI
12365.0,OWTSH
13410.0,FUDIJ
13044.0,QHJRM
16441.0,KEJZL
16014.0,NIHBA
14520.0,TQMPS
17994.0,BGTIT
13038.0,MHOPS
17002.0,KACAH
15722.0,BCSNV
16349.0,DXTMI
16913.0,RGAQC
18114.0,KKCNG
15303.0,ANXAG
12845.0,LSMJK
18188.0,ZNCLX
16045.0,DQCTX
16573.0,XVRYO
13421.0,IRTCZ
18196.0,PXZNT
13285.0,RLDST
13184.0,VBLXR
18151.0,ZCUIP
13804.0,ELFXG
17499.0,YQQJP
15397.0,GIAKR
14276.0,BXUYT
13453.0,XNENZ
16394.0,JJWNT
17711.0,WEHTP
13865.0,SIRKM
16940.0,TCVRF
14289.0,KKAWN
16208.0,THFMN
17063.0,ZXJEL
13149.0,BDDAV
18068.0,RBJJN
15932.0,TLGIE
16692.0,HETHN
15590.0,DZSYI
17171.0,QJCUX
18231.0,GFEKR
14004.0,ZANTD
17139.0,EWIAY
14513.0,PNDTX
13118.0,MQKVD
15974.0,RNJSL
17830.0,ZSJDM
12565.0,DTLOB
12582.0,LFDNZ
14231.0,JVRAG
17867.0,CFBOV
14880.0,IAWWJ
15121.0,DYQEH
17117.0,MLIEU
12945.0,CYCMO
18056.0,IMRMU
16072.0,AIULW
16838.0,CLKGU
15543.0,NQVEX
13751.0,GKJNQ
15847.0,JUZYE
13851.0,JCNJO
13501.0,SFLDQ
12633.0,ZCXXA
13345.0,PVXNU
13870.0,PLWZO
17034.0,CLLMA
16592.0,FDBLM
15712.0,DQATE
13362.0,SWMWT
14470.0,QGCLO
17388.0,WYXSQ
16841.0,BUUOX
13753.0,OGTFX
13666.0,KNJSF
12361.0,UNJKR
14481.0,UHAJJ
13792.0,TUBCQ
17663.0,MWINC
13973.0,SEBCY
15990.0,QLXOB
13493.0,VFPES
13684.0,ZWGQP
13261.0,MBPJI
16598.0,SIWWQ
14147.0,OTZIL
15951.0,NEIJK
13971.0,SEQEI
17516.0,CKIXD
13630.0,CEBSN
14157.0,LDUCW
13636.0,NFEXZ
13610.0,ULKEB
14745.0,SKAJL
12781.0,IAMCB
14036.0,VZGGP
16057.0,SYXXR
15724.0,YSLFA
12458.0,PQFZF
12598.0,TTPII
13675.0,WNRIZ
14227.0,INFFT
16668.0,GPADV
16667.0,AMSSA
13509.0,KEUAJ
15874.0,XDRUW
16187.0,BTOEA
16339.0,SOOBA
12509.0,NXIKE
14046.0,NBLJZ
13292.0,MCGDX
16427.0,ZGAVF
14056.0,HQZXN
15656.0,CENDQ
12811.0,VUEEI
16518.0,XQIVU
17165.0,SGTOC
17462.0,ILOHB
14620.0,ZVJQF
14740.0,VMZPQ
16462.0,ECZHB
12428.0,MIBST
16078.0,THMGD
16915.0,XRMUG
15676.0,JKTWE
15709.0,OQIEE
15241.0,WLRUJ
12933.0,IKDNX
15092.0,LOPNO
12679.0,LQKMX
15319.0,OSINQ
16212.0,ACKEJ
15257.0,LCFQX
14656.0,BYKXR
13884.0,EKNUS
12866.0,VPMNA
13166.0,WROAM
16389.0,AHXNT
15416.0,CCEKZ
15733.0,NSPYE
16678.0,JDABP
12834.0,HIGVS
13722.0,FOPBU
14934.0,AQDVN
15067.0,EMNVF
16128.0,CKJOD
17770.0,WRLMY
15622.0,SQDZC
14473.0,DGHQX
15104.0,ZZRVB
15643.0,ZVRDK
16792.0,GAIKK
15031.0,KSINM
15636.0,PLWXC
12873.0,ZULUH
17923.0,WZTFU
16217.0,JCBLV
17738.0,ROFOZ
17426.0,TCJOW
16957.0,ZQPVD
16571.0,UBHMN
14483.0,FLPQC
15087.0,UFSNH
16709.0,ZKNQI
17856.0,BQYXN
15053.0,OEFKJ
18218.0,YZXTB
16159.0,PXAWQ
17995.0,JTWPP
17374.0,UFJCK
17789.0,RCVTO
17416.0,DDMJS
17652.0,ACCJI
13476.0,AABQY
12817.0,LJTLP
15393.0,GITLM
13014.0,NILQA
17508.0,QUTPU
13931.0,GTFEN
12541.0,NPIXE
13382.0,IOVBG
15220.0,QVSUG
14570.0,AZTGP
14447.0,TJIKZ
13557.0,YFYCT
16449.0,SMVNB
12547.0,DEDCX
17325.0,XRHEC
14995.0,KPUYE
16414.0,CDJXX
15681.0,RNBDV
14670.0,DPPAE
15675.0,WNKHH
12584.0,MWZZW
17535.0,CZZHB
15400.0,OTHMB
14903.0,ODAXW
14499.0,CRCSQ
18211.0,AFHZE
14504.0,PGGAJ
15572.0,IWCWX
17107.0,PTGLW
14247.0,BURHG
15554.0,SHPXR
14915.0,KKWFA
16136.0,HKBKL
18280.0,WSWGG
12614.0,URWXP
13344.0,JRKJG
16621.0,IDDCA
16225.0,ZTVVG
14214.0,WYBPZ
14012.0,XOMYS
16356.0,WARFP
17654.0,KUFTT
15026.0,HRVDM
16517.0,UYHJN
14817.0,QUQIV
17092.0,EMJSI
16242.0,HQCTU
15869.0,HAVGW
17817.0,AUBZI
15234.0,AMNVL
15764.0,XOMNG
15806.0,CXVDB
15819.0,DEUBZ
14586.0,DJPUY
15944.0,HTCGD
13340.0,OGIZF
16917.0,WNAEZ
14407.0,SDMTO
13908.0,QNENC
12758.0,PUILF
13975.0,IVYCH
14730.0,ZQNQR
12623.0,NRMNA
14367.0,RDZJQ
13373.0,AWXFZ
16712.0,XGKEH
17639.0,RRAMX
16426.0,LUUGR
16495.0,PZZFE
14336.0,ZNFEU
14507.0,GJATZ
12759.0,RHJWY
17049.0,VQNKU
15206.0,EEBJC
14013.0,GZDQE
14645.0,MZDOK
15071.0,QLSQD
14112.0,MTGUQ
13026.0,HCLNA
12881.0,OKDAE
17864.0,ARJWB
14936.0,OCOXU
17138.0,VYYEU
16572.0,GZHPH
14165.0,QITFS
15367.0,RLJTH
14291.0,PLVFD
15632.0,KJPAC
14297.0,WDSFK
13899.0,HDVHI
16471.0,AABXC
18183.0,WXCIC
14603.0,LFXKN
18173.0,DSVAH
14854.0,HIJZY
16625.0,YDZJV
14064.0,SWXOW
15308.0,CBZMQ
18086.0,JLCCK
14350.0,QBGLE
14930.0,VJNPA
16080.0,EFPRE
14727.0,WALWY
16778.0,BKXAW
14077.0,GYQAR
16808.0,MPDHC
16475.0,ZWDUO
13265.0,JXVPN
12520.0,AEKOM
15049.0,WIKNZ
18149.0,JCMBS
13654.0,NFXNQ
16652.0,VDMFU
16766.0,LGPCD
16801.0,LRXDV
17164.0,SCXQE
13226.0,CJORA
13043.0,XZOPE
14352.0,SBZEJ
17351.0,QIKHX
16768.0,EHFWS
16693.0,FGEXA
13956.0,HVNHM
13708.0,YLLBK
15918.0,QXQMB
15671.0,QHDKS
14962.0,GHALC
16807.0,JQBQJ
15125.0,TQNZT
16871.0,AADAC
12901.0,EDZNP
13452.0,LRFLR
15493.0,RBVJW
16005.0,BYQHO
15388.0,CCRNM
16804.0,OSIPW
13499.0,QKZUL
15047.0,INBZO
14193.0,FKXSG
17542.0,JPJNN
17080.0,NJSMV
16392.0,WUALD
15106.0,ZKVNJ
16214.0,CVIXO
13716.0,KHLMV
15150.0,OXFJC
16061.0,XNAWB
14226.0,NLRER
13121.0,WVNKW
16297.0,CNDOU
12994.0,IEROX
16152.0,DYSOM
14636.0,RQDPA
16040.0,ZELHU
15793.0,LYZQN
13358.0,JMCSW
12849.0,JNXAA
15182.0,QOFEM
13299.0,CTEVT
16383.0,XMUCC
15381.0,QIFVL
12597.0,NAAPQ
15030.0,ABSRH
12435.0,KQOYV
12955.0,GLBOO
18189.0,UDZXV
13946.0,TCWFF
17716.0,EZERT
13185.0,IUNTV
14840.0,BOBZQ
13216.0,AYNAP
13650.0,LDVBF
13533.0,JFZOE
13268.0,AHKVF
15433.0,QYOQJ
12937.0,LSDEU
17603.0,MTSYA
16216.0,XLSZM
16377.0,OAEKQ
16976.0,WKGBX
12514.0,XNPDC
18210.0,HTKZY
13631.0,SJWJI
14422.0,WJVLC
15648.0,DOCGJ
17725.0,DLQLZ
15861.0,WMUOS
13072.0,NNOOX
15695.0,VZCZO
14110.0,ZTHQS
14059.0,UYTSF
16672.0,ZBYSX
16511.0,QKJZY
16256.0,QMWNB
13591.0,HQWET
14066.0,WANCR
15483.0,USFWF
16626.0,KPCDO
15019.0,FFJMC
18270.0,JITMR
14315.0,MZPFX
17921.0,KCSFI
14041.0,EVDCS
17060.0,YNAKM
16023.0,MILXI
17133.0,AMDIH
12878.0,LBXZH
14155.0,OJACW
17043.0,SWPDM
13046.0,AYZTJ
14633.0,ORZRL
12948.0,FJSEG
15703.0,PRDPI
14071.0,WEBRG
17134.0,FWSOX
17795.0,RVDAE
12902.0,WQTCC
16444.0,VRYDD
14232.0,XQHVF
14693.0,RMQYS
12407.0,EMGUD
16728.0,INKQG
16096.0,GKXOA
13985.0,PWDBQ
13592.0,LJHTY
15140.0,MYSCU
12843.0,AQPJH
14408.0,LGUSV
15408.0,IAIMW
15445.0,SIKBO
15452.0,JAGGZ
14223.0,ADEPX
16619.0,OJFXX
14762.0,XICRJ
13934.0,UIRCI
15669.0,TPLBU
16384.0,CWWKR
18224.0,EPECP
14245.0,NBLVL
17678.0,JTBSH
15855.0,LRWCO
16036.0,PZCIX
17763.0,KIZMH
13262.0,PZHOB
17152.0,NPBRE
14632.0,ACYVL
13900.0,IVAGK
14875.0,QPROP
15132.0,YHNHJ
17272.0,SINIM
16135.0,JLMHI
12831.0,UHZKV
15437.0,TYRRM
16809.0,DAFGK
14711.0,VHWTW
14377.0,ISBJL
16374.0,IQMYZ
13196.0,GTYNX
15457.0,DEZJD
12613.0,YJZAO
16721.0,WOSKJ
12399.0,TAVDY
17733.0,GCZNR
17102.0,FRAAD
15410.0,TMBIL
13239.0,IATPJ
15449.0,WMGNN
14870.0,QAPJT
13821.0,CRKBJ
17096.0,NECHU
12604.0,RHMWE
12818.0,HEAIC
18191.0,RVHNN
14461.0,DMZOT
13132.0,IEWRY
16859.0,YMLGY
15245.0,ZPZBB
17486.0,NFJJA
16308.0,IDQKS
12564.0,NPSXB
14607.0,GQJYR
13249.0,UXNMK
15644.0,INAAR
14075.0,GSHEH
17250.0,XMEWY
17966.0,AQKNY
14129.0,HIXSS
15651.0,SXDLX
13035.0,TMHRS
13341.0,ALTUJ
13512.0,ZVFPT
16620.0,MBWXS
17698.0,EMTCG
14267.0,SSJJM
13736.0,VYMUG
16022.0,BBMOJ
14235.0,YGKCK
16769.0,LZOGS
17754.0,OIKNC
12408.0,KXDSI
16063.0,QIIAU
15178.0,FNUCE
14348.0,FRLYI
15815.0,GSITW
13695.0,LKRZT
17979.0,RHYFA
13139.0,ZFUQN
12545.0,ZNEQV
14758.0,QNDFI
14536.0,NQFGJ
13662.0,WERRD
17946.0,JUVJG
13743.0,JAHNA
18078.0,AIWUD
16780.0,JTFFK
18273.0,EMTYN
15045.0,RBXAK
17625.0,JVWBT
13357.0,KQLTP
16777.0,RHUCK
14476.0,XDTCL
16245.0,KHETH
12669.0,TCITR
12792.0,XOSOB
17765.0,ITLIN
15083.0,OOVJL
18010.0,DTTMP
15249.0,XJFLB
13760.0,ACLFY
15624.0,IVUMI
17749.0,FSIQQ
15068.0,EYADO
14538.0,FMRXH
14851.0,UUURX
14021.0,DKIUU
13037.0,FZISQ
18177.0,TUTAN
14128.0,KWGTW
17874.0,VDQQG
17719.0,YEGWH
17931.0,MSDHP
13803.0,YXTYY
17398.0,YJCTQ
15906.0,KSGOA
16253.0,JBXNH
13439.0,LVCUP
12888.0,YMLBW
13588.0,IDAQV
12456.0,BGSJQ
15521.0,QXFVL
13720.0,IYALW
15674.0,PCHGI
17594.0,OSMZZ
17775.0,XZZHG
13988.0,EQLYM
16657.0,ZGNFW
15424.0,PMVXU
13316.0,PSZSQ
16788.0,JTSYG
16584.0,JUKOB
15364.0,AHHNR
18108.0,OLBJL
14272.0,DRVAX
15980.0,JDOLY
15832.0,VSRVI
16092.0,BJVRN
15528.0,SHRQT
16398.0,VDFBC
17088.0,LUOAR
17438.0,FSGZU
13060.0,QBQFV
14790.0,GSIIP
14890.0,DDYDS
16386.0,PZKJN
14818.0,DJQZC
13571.0,EKNSV
12909.0,UUIDL
12619.0,GRQZL
16698.0,KPCZQ
16681.0,WEYKT
13573.0,MJGIF
14957.0,UBYPB
13918.0,PDHCH
17212.0,SKLEK
17781.0,DTKER
14886.0,GOTQD
13626.0,ABQZF
16609.0,QSBFY
16180.0,PMUQH
13462.0,GTAHJ
18263.0,COSMP
16960.0,GTWSW
13841.0,ZDMGY
17701.0,GYODH
12949.0,QIBBB
14852.0,ATAOL
12569.0,FWWGW
13169.0,MUQEA
16162.0,UFJKJ
15691.0,PGXUS
14195.0,XXDQY
13781.0,FSWGA
17758.0,FYQHT
14023.0,ZJDJM
17669.0,OROBW
16142.0,VGWLF
17648.0,JTLAM
13059.0,SPUYN
16224.0,JMSDY
15223.0,HZQUJ
17886.0,SRPIJ
13294.0,OJWAK
15289.0,MNGOV
18185.0,PJPRC
17956.0,MMJYW
15756.0,EGMDL
14747.0,ITGOL
14719.0,XRSUC
13015.0,GMSMC
16586.0,LGRVO
16105.0,ANBEJ
14546.0,RKCFS
15442.0,WLJVS
16906.0,BXJYB
14535.0,MLCIF
16170.0,ZXCDO
15244.0,CFOOH
16696.0,DWFSO
15145.0,SSJHM
17492.0,NXXCD
13525.0,QAVQN
17409.0,FCEFK
17783.0,GNNTL
13863.0,BLCNX
13515.0,DNVTH
15917.0,FUAMQ
17440.0,SGZKE
17045.0,QGLHG
17140.0,ZKUWK
15201.0,HBYIE
14964.0,ENZYL
16031.0,PUXBP
14403.0,DWAYR
17042.0,RCJNJ
13771.0,YXFMG
17906.0,GSPQO
18272.0,YWOIR
16144.0,UQWXA
13731.0,NGMSF
12580.0,JJHFW
14912.0,GDRAF
15530.0,FJDDZ
13950.0,RYCBY
13752.0,MBDEH
13892.0,VVRKE
14446.0,EGNHS
16209.0,PKZZX
15754.0,FJGTT
13712.0,LIFSY
15800.0,XGTAY
16469.0,NJNWC
13005.0,CCQUO
14981.0,XLIBG
17928.0,VWUJT
16261.0,LMLDP
17883.0,BEVFF
14619.0,NLKSW
13995.0,IJQYN
16643.0,KMIPT
14246.0,XKRSF
18040.0,JUZDM
16837.0,LGEEF
15119.0,SQUCK
16325.0,WELKE
14924.0,EMXQS
15109.0,COZBF
16623.0,ECHBW
12999.0,OASVN
12717.0,NPCLJ
13962.0,XAACY
18036.0,UQTJI
14958.0,KLYDF
13562.0,HWDSD
15775.0,QANIH
17054.0,EZGON
17268.0,OFCDT
13548.0,EZRML
13508.0,PHSVF
12447.0,BQGKQ
13570.0,CXXHV
13232.0,GCCVG
18129.0,UZYUE
13632.0,PCYIA
15665.0,ARWEZ
17550.0,FSAYF
15655.0,WLSRR
14286.0,KFSKE
16188.0,KYYZU
12656.0,ONNIQ
15214.0,JTOCF
17574.0,GOTCV
15737.0,KYJDI
18080.0,JPSCU
14311.0,DFYVG
14339.0,KWXSL
12982.0,XDAJW
12701.0,ULRRJ
12596.0,ITSYO
14273.0,XUBOB
12363.0,VEZWI
13549.0,ZEAHN
15414.0,LWRMU
13203.0,YRHHS
14628.0,VGSZX
14326.0,BZRRW
15935.0,OSWMD
13655.0,BEGOA
12910.0,TGPOR
13577.0,QOXKP
15251.0,PNYUI
14111.0,WWDBL
17160.0,VQXQE
16172.0,ZLPJE
17972.0,WBTUP
12463.0,VRBSA
14844.0,CMRFZ
17278.0,BADCT
15212.0,KIMRH
16729.0,NQQXD
14998.0,QXMBS
13484.0,PEFDJ
16697.0,UGQCI
14931.0,UZUCG
18236.0,JQYCA
13740.0,AGIBJ
16454.0,EDHYW
15230.0,WUJMG
15134.0,DYZVK
16309.0,SFKJD
13544.0,ZQIGE
14262.0,BRGJX
13134.0,ZAUKV
17589.0,JMWME
16097.0,VKZJI
13122.0,ANBTT
16966.0,IGZUF
17746.0,GQOCD
16175.0,UWKQH
14834.0,FAOJW
16348.0,KJLKE
15147.0,PVGIA
16131.0,SZTIF
15813.0,NWFVM
17058.0,RBEGN
17704.0,NBPPJ
16933.0,GCBDD
13772.0,SKNPD
16249.0,MGDFL
14198.0,ZMESO
13989.0,XUSXO
17930.0,HXYTA
14154.0,KKDJN
14482.0,VTDCG
14163.0,EWTYM
14105.0,JVBIY
17601.0,IMAKV
17142.0,HMKHQ
13811.0,EYKVY
12457.0,TLRDM
15135.0,GOPMV
16806.0,EFKKF
13952.0,ZSTNH
13120.0,VNDPO
12769.0,GKKSE
13516.0,KJURW
14323.0,MYQFH
18079.0,TCVKH
12639.0,ZIVAI
14700.0,ZGHQY
15027.0,GKMRT
17367.0,SJXDM
18213.0,DNAHZ
17029.0,KEOOK
13220.0,WPYEX
15985.0,BZZJI
16193.0,NKNWH
15172.0,JZHLR
13692.0,AZXAF
15745.0,WOBIC
17582.0,NJVYM
13474.0,VADVM
17697.0,SGNVV
16639.0,FNWCJ
16947.0,AELIR
15491.0,ZCHEO
16617.0,LGCBK
15265.0,KFMFC
16226.0,GVTCE
18009.0,ORFUK
16399.0,MKPTP
14623.0,OMLBS
15625.0,TXSEM
18064.0,FKAMO
15508.0,EWKIV
16628.0,PVALX
13647.0,TEDFJ
15594.0,DXVPT
13479.0,PUMPD
13735.0,OYFTH
13376.0,MPBIG
15717.0,ANMEA
13719.0,JCYDC
16633.0,NNTUV
13101.0,VIBSQ
15225.0,DNUWI
14152.0,RMDNX
12733.0,KXGOG
15436.0,AFKUA
17217.0,UNMDR
17734.0,XSUAE
14905.0,MPGJV
14148.0,FDOND
16103.0,QWGLQ
14626.0,QKOQA
14868.0,MWZQE
18246.0,KMQBI
13485.0,MWEFG
15517.0,RXGMG
17115.0,CFRER
17120.0,HXLEL
16611.0,IHQSE
15912.0,OXITC
12506.0,PQLWQ
12670.0,KKZDO
17588.0,GTSED
14759.0,MMMQS
16185.0,BLZAI
13505.0,PIADY
13389.0,LZVOJ
12354.0,JZRBL
17631.0,YVMKQ
17061.0,FCQWZ
17718.0,MJXBI
17630.0,XEONT
13223.0,JSLTR
16146.0,HNXZH
17109.0,VVOVW
16587.0,OOIUA
12622.0,BMJFF
16750.0,EKTDG
13482.0,AEBXM
14512.0,MDJCX
17670.0,VSDKM
16834.0,HMGSA
15108.0,BPOSP
16942.0,IBASE
14640.0,UQISR
16823.0,TGTVP
15237.0,LGNKD
12573.0,SVYPU
17854.0,RSGLS
18220.0,ZLLDW
17436.0,UOWEE
16965.0,SBLAJ
12840.0,NLLUA
15891.0,POFFU
17187.0,GEYSN
13637.0,QNHHF
17991.0,HYMJB
16418.0,UTXSE
16099.0,IZXMM
15768.0,HMZSR
16637.0,GWZIG
14240.0,ROKFU
15143.0,NAMRT
13229.0,FLYUL
14973.0,QPEEK
14271.0,FRMDZ
15952.0,JZEQD
16227.0,AELVL
17893.0,JBOLV
14022.0,VNUFU
15210.0,RHCKI
16370.0,YGPQG
15376.0,MJUVE
14655.0,EEXEM
17615.0,QIAHQ
16055.0,LGHER
14149.0,FPBKT
17501.0,TSHKN
14191.0,XZALM
13282.0,TNBXR
15582.0,QMLLF
16230.0,HBHWL
18146.0,VKKIF
15976.0,XGCCV
17443.0,SKYOI
12886.0,OIPKW
17974.0,ZHBXA
13524.0,ARQKS
17955.0,YWJDF
15128.0,IJMNV
16610.0,XAUVY
17394.0,SGTRM
14173.0,YUCFG
16258.0,ZLEDY
14948.0,YRKZC
17384.0,EISCC
16990.0,ALQCH
13762.0,UWGUA
12593.0,GAARG
14340.0,PNJIZ
17429.0,BPYUN
13711.0,KIENQ
14515.0,ZLKPH
16457.0,XJDVU
17527.0,OLLGG
14199.0,SQVKG
13888.0,EHAYL
14423.0,DSAUV
14697.0,EYQZQ
17522.0,RTHJN
13867.0,ASXSE
17624.0,LYWQK
14393.0,FETYY
17578.0,QPSBQ
13450.0,WUEBG
17423.0,LRYZV
18241.0,ASHKQ
15668.0,XSCGW
16319.0,EINRO
15757.0,AMDEA
17174.0,HMJXL
13365.0,DRGZF
18227.0,JQQKK
14145.0,RLNQC
18235.0,ZKOSG
13741.0,ZKZNU
12394.0,BXAZT
16832.0,YIELU
15258.0,LCDZF
15552.0,BFTUB
18170.0,HJBNQ
13723.0,QFHXG
14005.0,BWXHW
15561.0,FISNU
16121.0,IKNDE
18142.0,DVTRX
13642.0,ANDAI
15117.0,ABAPV
13561.0,DRIVQ
15704.0,YWCXY
16007.0,FQZUD
16232.0,QYEBX
17410.0,PIQUD
13835.0,OEXOD
13427.0,PDJSQ
14353.0,ADVTW
12700.0,PIUYZ
13003.0,DKFSB
16756.0,JLWPT
13492.0,OPXDD
16440.0,MXIEL
18120.0,JZQZY
12355.0,EGMLP
17723.0,BEHKI
14699.0,LBXDM
12821.0,TDGFR
13055.0,IQHVH
13320.0,DTOVY
16357.0,QNNUF
18242.0,JKYVF
15865.0,PQHRQ
17597.0,DPBAE
14397.0,GJGPV
13242.0,JZWDY
12684.0,CUQPR
14288.0,MYFKV
15063.0,CCGIM
12592.0,EIHKL
14591.0,VHTML
13990.0,XGYXJ
12749.0,ZBQIW
16320.0,BIKGT
14691.0,QOJMZ
16229.0,OWYZF
14920.0,ICJAX
17489.0,BXTGC
13404.0,CBHBG
15729.0,IPHDP
16644.0,ACPGJ
14731.0,QIIHG
14277.0,ITCDB
15187.0,WTIKL
13052.0,ITIVY
18133.0,SOQPY
17664.0,EGTVM
14649.0,XTJKH
13235.0,ODPXY
14883.0,TACJD
12976.0,FYKXH
14681.0,KKQLZ
14421.0,XNVQT
16116.0,CLQIA
14988.0,WEXGB
15489.0,EYMZL
14364.0,NNJIL
16006.0,SDIJQ
16184.0,DDUEO
17932.0,RZCYN
18221.0,OLEIA
12590.0,FFSUI
14853.0,GQVRA
17658.0,PSMEB
17764.0,OOJGM
14651.0,GFQRA
14000.0,FYJAA
13601.0,FKGZH
12757.0,VCTZC
17970.0,TEWWH
12770.0,IYRSV
15826.0,BVFST
15907.0,JLYKA
12695.0,SJJPP
14342.0,VMXVF
14873.0,IDBOY
14689.0,HINAU
15440.0,PKPJS
16076.0,XHGAX
15333.0,RNNWX
16283.0,BWECM
17263.0,ZULCO
16877.0,VOQPP
12674.0,EZIWW
16642.0,GWTML
12871.0,JQSCW
14038.0,LOEIU
14489.0,PSDAC
14888.0,WEALX
17190.0,VTMUB
13456.0,OVZLD
17898.0,SNZSZ
13976.0,JOKSD
16139.0,IJNLF
15730.0,XJQPO
16266.0,VHVKQ
15123.0,BJALR
17505.0,UZCRQ
12690.0,GMQMR
16446.0,AECYP
17556.0,LTMEJ
14583.0,XUFCQ
16818.0,EQMGU
13572.0,IFZWM
14009.0,YNMQQ
13258.0,MESAL
14463.0,JEOBT
13192.0,TTKVC
16987.0,BGDCL
13417.0,ETQTW
17047.0,MEYJR
15116.0,ECBWZ
17469.0,NRFTB
16647.0,WXOSV
15630.0,GDOJJ
17245.0,HZKJI
16008.0,ABEOE
17871.0,CDNDI
13529.0,SEOZI
12620.0,SXQHQ
15599.0,MZENU
16813.0,RBYKF
14859.0,UOQUV
16463.0,RXAVA
15791.0,WKJAJ
13658.0,FXUQI
13887.0,WNBZG
12353.0,EFKOD
14551.0,QNWSE
17166.0,IHMTV
17926.0,IKLUF
13391.0,OSZNS
17455.0,ZWGBC
13308.0,GNHQW
13856.0,VXTHX
13243.0,JEXGF
15095.0,MVTIA
18048.0,EQUQB
18287.0,XHOUE
18150.0,OIOHX
16690.0,MBAYE
13555.0,WHSPA
16038.0,VCAZQ
13972.0,XCLVC
13227.0,PPHAL
13657.0,IKDUQ
17176.0,FIPLB
14837.0,NRAHI
14682.0,PPFSJ
14921.0,ECREN
16341.0,XJIEJ
14647.0,OKCTP
12710.0,CRATX
15292.0,ZNKUC
15705.0,OWXME
13339.0,TYVWN
13885.0,GZBUQ
12360.0,XGQCC
13546.0,LDDIO
17715.0,VCKWY
18160.0,ENYZA
15434.0,KTBQA
15734.0,LXXII
13737.0,FNRRP
13213.0,LSCQX
18018.0,CVOQS
15314.0,OTXGY
17521.0,HLCOM
15042.0,LYAGN
12863.0,LGYYQ
16091.0,XLHUG
15804.0,NJIJZ
14593.0,CVUUP
14287.0,MHACZ
16763.0,UULDK
14705.0,CTFKB
12562.0,OPUXK
12815.0,WCNDS
14522.0,QPQWU
16448.0,ZPPRK
14584.0,EOFXC
12974.0,YIODI
12987.0,VBHIJ
14816.0,TGWUK
15852.0,OOOHH
16624.0,NKVKG
12493.0,SGHMR
18232.0,JZIST
18073.0,PUCHI
16369.0,UZHYO
14280.0,MUMHQ
13135.0,FUIGB
17345.0,RWJRM
16275.0,SWTCI
14338.0,TOIPU
15402.0,DJOKT
12876.0,DSDSS
16323.0,FRPAI
12426.0,MXCAY
14451.0,JALPN
14823.0,WXRJH
15897.0,TVAYH
17051.0,BYBVB
15925.0,MQZAP
12787.0,VKYXK
15863.0,GTHCH
16483.0,MALUO
13398.0,XKOUC
13070.0,BQEXL
14819.0,WQCMO
12790.0,GBUMW
15163.0,ASUWH
18204.0,RFSWO
15124.0,FDEMU
12473.0,ZLVYR
16969.0,SYJZW
14597.0,KDVNC
13917.0,RVFKO
13062.0,MSQVK
16484.0,UCAXK
15184.0,BPHXH
18135.0,YXTCA
14453.0,XVZIN
17900.0,XBAAI
13437.0,XZOGQ
12517.0,BDVLB
16529.0,EKVHW
17531.0,HFHRV
16239.0,LEAKG
14500.0,JBGLV
16117.0,UMCIX
13248.0,BJSMN
16967.0,SFBHK
15405.0,HAOCC
16659.0,GXWEC
16880.0,NXMUJ
13435.0,PEXTS
13131.0,LLOXD
14891.0,FFCUP
16682.0,MIVDB
15453.0,TXONT
16963.0,SCJMN
13682.0,UMQJB
15152.0,DPEIB
15462.0,VUTOY
12449.0,RFLFK
15349.0,FMESP
16849.0,TQMWE
12802.0,NPTYA
15073.0,MAIPS
16298.0,AVMRU
12535.0,BMTNM
18248.0,SCMLO
15386.0,OACNG
17252.0,FBAWF
14542.0,HUJXX
16825.0,QNXAD
12380.0,UUYMW
18072.0,FGCHY
13643.0,COTNF
15969.0,NZNPD
13283.0,FIYYG
17015.0,PWICO
14375.0,XMFML
17124.0,CMVJQ
17987.0,LJGLK
13395.0,YHHAI
17828.0,IFHLQ
15743.0,SDNBU
17414.0,IWBNX
14622.0,FFMEG
15609.0,FSXXE
14561.0,ZEZEQ
16872.0,ZTHRS
16358.0,PUFDO
15238.0,ABMTM
13466.0,YLMZY
17360.0,RLUCE
13510.0,NIDOY
12406.0,UDMMN
14241.0,DNKEC
14132.0,JVAFD
14963.0,WBTXV
17169.0,UBXSF
15252.0,VFHEB
17731.0,IRMOF
16113.0,RPLGN
12694.0,CHWYF
16107.0,LDNCI
17483.0,WMJIQ
15679.0,IJNAL
13686.0,HYYUY
16581.0,KKCOQ
15267.0,WEAYJ
17234.0,OWVUW
17797.0,ZIZLZ
16614.0,OTZUE
12409.0,DCUVR
15411.0,TKPMB
14178.0,DTAZU
15098.0,WVUYP
18281.0,GWISR
14984.0,KDZXO
12516.0,XHVBX
17265.0,NVTUF
13617.0,SCWEG
17242.0,EZPJN
17289.0,MRBCW
16018.0,NFMFE
14704.0,ZFNXJ
16794.0,FWMKL
13761.0,LPEOT
13517.0,OUFCF
13936.0,SQLLD
16342.0,GGIFM
14177.0,RVGUC
12732.0,LYIMO
16205.0,JUERS
15036.0,AULWO
13589.0,JKIGX
17579.0,VUBUY
15069.0,YBQCV
17349.0,SQYNN
13080.0,VLFPM
13663.0,EAUZT
14503.0,KLFCF
16774.0,TOKOE
13384.0,KMTHX
17101.0,TUGUB
14997.0,NSXTO
17155.0,HSLFN
12809.0,BPFXH
16461.0,LTCPO
13343.0,OCGOJ
12624.0,NAEQT
18165.0,FRKVR
17536.0,BJMIG
16324.0,RUENT
17651.0,TWNKJ
14222.0,EFKAM
15585.0,SZQHL
17490.0,NFMAV
16739.0,YXPCM
16276.0,GWAFZ
17193.0,ELLJR
16257.0,XIIJD
14285.0,VTDUW
17642.0,VFSVM
12816.0,KNVDQ
13826.0,SXRKD
13575.0,TBSFG
17157.0,UONYC
16852.0,ISZKI
15219.0,HILNW
15014.0,JRSVE
14765.0,PSZIZ
16869.0,KOCDP
15909.0,LTFEJ
13618.0,RHPTQ
16050.0,HVFBG
17879.0,ZQVMW
17562.0,MVZHE
15334.0,AOVFN
12450.0,DOQIL
13568.0,FJJZP
14820.0,OGXWQ
16744.0,POGVL
15700.0,GPWSV
17299.0,GVCIL
12837.0,XHXMF
15076.0,NCRGS
17444.0,BYAFJ
15921.0,TMOCV
15747.0,MTLPL
15840.0,ZMJNB
15016.0,PHMUY
14808.0,CIRVO
12904.0,DMYUX
15825.0,XVJYQ
12432.0,SECCP
15389.0,MDYGL
15280.0,DRVRF
17159.0,BIDPZ
12830.0,EXWAJ
15507.0,BABYN
18252.0,AAMLD
16526.0,ATYVE
17695.0,KKOZI
12930.0,WNTKI
14960.0,HGRKI
12444.0,LLPOU
17960.0,FTPKV
15412.0,TFPHA
13763.0,TRFZI
12798.0,VUHRR
13849.0,NMXPV
16114.0,BMDWR
13420.0,ILHZS
13780.0,ABWZZ
17877.0,EXENU
16247.0,XWZDU
15041.0,ZNUVT
12379.0,RPKGV
16287.0,ZCSFB
12919.0,ISOHR
15130.0,XHQMX
12704.0,BMMTI
17370.0,DKEVW
17709.0,RAPMH
15253.0,QZNJO
13300.0,MDKBV
17759.0,OWTKM
12465.0,PHZEU
12412.0,EUGQN
12697.0,NXHZP
13937.0,NPKWJ
12615.0,ZMGHQ
15850.0,HMJVA
15186.0,ARQHU
13791.0,UZMVU
14795.0,GSBWO
17768.0,JIDXH
18112.0,QSBYN
12548.0,ICAAD
17386.0,BOTDW
14104.0,JMGQL
17110.0,WKVMD
13895.0,IXWCS
16545.0,QCVMY
16671.0,ZDYMK
14351.0,EWXRQ
17391.0,EBAXU
16824.0,LDWTP
17750.0,SUXKU
16200.0,CFKUB
17997.0,HYVBX
14383.0,UTQMA
13461.0,VQNTR
17408.0,YRQPW
15537.0,BFSRW
14327.0,VFGYV
17837.0,GNWLL
12424.0,QNPZG
15578.0,SVKMJ
15584.0,LQWWY
13745.0,ABTBB
16498.0,LAWJC
17891.0,AHZFP
17123.0,EKGQN
16866.0,XNQFG
13730.0,OHYYP
16589.0,MREWV
12922.0,GCEJT
16009.0,XFPZI
14053.0,FUUOA
17939.0,URVAA
17312.0,GDKEQ
13833.0,IJWDO
17899.0,LKEYP
15007.0,SRKYB
17464.0,JUHFT
18265.0,HQFIW
16344.0,WJNRO
13338.0,YHDVR
17024.0,FCFJX
14034.0,JJQIW
18203.0,CLLUJ
16616.0,TMERP
16338.0,FTIOM
17046.0,CFCLV
13109.0,CNNTC
16829.0,OIQBM
13217.0,HQFUW
14002.0,VKRHY
12977.0,CWHRS
13291.0,LLVVT
13583.0,FMYTJ
16929.0,JSSOJ
17892.0,JAHMD
15505.0,CVTCN
14459.0,AVDOD
18013.0,QHOTZ
13681.0,RNBQI
13699.0,XBJWY
14493.0,SGGYB
13486.0,TXNSK
13302.0,BMDFL
16012.0,GBJBQ
12635.0,CYGMQ
17031.0,GJYJR
12461.0,ODKYL
12648.0,CTSFC
18121.0,FHSFG
15901.0,TZITH
14918.0,DVNIH
15920.0,IUHUL
17353.0,XPTUS
18024.0,KBIOE
15467.0,VKUGZ
16174.0,TLUNF
13678.0,LELLX
14690.0,UAXNA
13058.0,JDYMI
14552.0,MPUEJ
12556.0,KUFSD
13224.0,LVNGW
16989.0,UZYTR
12358.0,ACTZA
13207.0,SJVTS
18122.0,NWOJC
12722.0,LFVFN
17405.0,DIOOS
13311.0,SVWPT
15051.0,SLPDH
15895.0,GNSTL
15795.0,GFIEY
13669.0,CFLWU
16450.0,GAYSC
13667.0,MEPTV
14400.0,YPKAO
12405.0,TXOJC
14265.0,LKJRH
14847.0,NEKGT
14862.0,IPZHH
16488.0,MFUAZ
15256.0,NPWXF
14716.0,OECBC
13933.0,HEUCY
14857.0,ADPKW
15306.0,YZODC
15839.0,JUHGK
13994.0,QALCV
17554.0,HXRHY
14332.0,MFNHC
17266.0,ZIYFU
17948.0,KVNEF
15004.0,BIRZR
14722.0,OTISM
13507.0,HCFSE
13967.0,TXAPT
16054.0,UBJFK
12833.0,ZREZF
16474.0,HYXLN
17984.0,CBSKL
12589.0,HJKTE
17448.0,FZKAL
16762.0,UQRNZ
15369.0,WHOGI
13154.0,PZCKC
13940.0,EUITI
14029.0,HREER
14117.0,ONWUT
13167.0,LESJY
17779.0,ZBTKO
13991.0,YGYPX
18101.0,WVWHM
17065.0,KTVAD
13827.0,CASBC
12560.0,DPJVS
16764.0,BKEMR
18180.0,CWLVY
12521.0,BCSCA
17866.0,IWANK
15802.0,VHOHO
17229.0,UKHIG
14456.0,TVHUD
16464.0,SGDUA
17962.0,ZMJVL
16149.0,LMJIE
14259.0,SEASX
18143.0,WGESH
17935.0,AXTHM
14517.0,BRPRJ
17694.0,SIFPD
17660.0,XUTQK
16041.0,YWIZC
15623.0,PZPBL
15829.0,VMICK
15232.0,IHTPP
12438.0,XGLBJ
12627.0,SZGNU
13079.0,NPQJN
18262.0,GOSAH
13563.0,IZRDF
15506.0,ATXQU
16305.0,KTYMZ
12864.0,GRSPK
17724.0,CYXVR
17703.0,BSFOM
13116.0,YNCFS
14019.0,EBMUY
17649.0,TZYBT
16178.0,GFUSO
17040.0,SKXOU
14100.0,QFAGW
16557.0,CUYGR
13296.0,EQTEW
13814.0,YLZHX
16364.0,RFKOE
17693.0,ZIJTU
15372.0,GKGCQ
15618.0,IXDDV
13930.0,BJBKW
13379.0,EMJLF
13194.0,QSJTJ
16447.0,LHFBX
14305.0,UEHHW
12397.0,AHNKI
14331.0,JECTK
15261.0,XCYNH
15105.0,NZGXF
13813.0,ZUSLT
18268.0,FCSXZ
14855.0,HSEZN
13925.0,ENKIZ
18237.0,IYRAN
12453.0,AMLLP
15639.0,LBHXY
15118.0,AIECD
15746.0,KZJGX
12743.0,OUNNY
15942.0,QZGPH
14143.0,JTCKA
15120.0,GZYEA
16147.0,HASHG
13277.0,MHLPR
18127.0,CETGD
15149.0,YANBS
18081.0,BKVEV
14511.0,YMXXS
12716.0,NKQDH
15776.0,LTEWI
12981.0,LWUEI
13106.0,NFZAP
13928.0,TIMGG
14885.0,QXCES
13388.0,USCIF
15438.0,YRXVE
17173.0,AAQHA
17941.0,OURXH
14947.0,WKTZC
17053.0,WRSQR
12534.0,UJUQV
12844.0,UAIMZ
14567.0,ITJRF
14937.0,GTOPX
12828.0,HGYUK
16984.0,RRMKV
13023.0,WDKOZ
17553.0,PMMKX
13075.0,AGNOL
15342.0,GZOVJ
12644.0,DYVTD
12378.0,SGFGR
17788.0,XVILU
13850.0,UAPFS
14076.0,IBCRN
13805.0,FCACP
17887.0,RWFGC
13186.0,RQPST
12750.0,SKWBG
15374.0,YSAFR
17656.0,AOIND
16102.0,AYTHD
15089.0,HMCQN
14972.0,VWFUZ
17514.0,TISMW
12917.0,RNOHM
12689.0,IFZJU
14768.0,NLIPT
17584.0,THLCS
15254.0,YZAAU
18099.0,IWOWL
15205.0,XULYA
13218.0,SKCJS
17267.0,JVVCR
16302.0,VKGCY
13513.0,VGZHC
14720.0,WTVNY
18282.0,KVTLX
12610.0,LXSVI
13200.0,DCWJM
14079.0,BDLHI
17298.0,FAHUQ
14024.0,XWLJU
16066.0,RZUFG
15198.0,PHGUT
12885.0,PIXSZ
17331.0,HHSDC
13016.0,SZXYM
13500.0,NFSMW
15247.0,RKRPG
13355.0,XMZPP
16053.0,TICOU
13919.0,TTVLG
12384.0,FXJFH
16292.0,GTPQM
12571.0,SMPOB
14116.0,KGXKZ
14495.0,VGJLJ
15494.0,YRGEI
15608.0,ISQTY
17248.0,UDVIA
17653.0,LMOIP
13645.0,WLRIH
15469.0,JSGCY
13307.0,UTMII
12381.0,XABYF
17122.0,WUUSQ
14406.0,WWGIA
15683.0,QPRIU
14301.0,QMSWJ
14658.0,EEKGL
13621.0,PMPCQ
16272.0,PYGSN
17958.0,COOLO
16836.0,OZVRV
16961.0,VEUUM
16902.0,BJFRB
15706.0,YVREK
15480.0,TBTZA
15315.0,UDZEU
15653.0,VHWKG
13159.0,ACQAH
13189.0,NSLOO
17637.0,TLEMM
12641.0,ESHZS
13470.0,ASTMY
15786.0,BPBXF
15541.0,CIWGI
16734.0,IJMHK
16706.0,BCJLL
17070.0,LIIZB
12688.0,UGZPH
12729.0,IIXKF
12962.0,JKYVL
13273.0,SGZBT
17736.0,LTKLG
15472.0,POWUX
12680.0,WUIAG
16582.0,QOPDT
17747.0,XJTMF
12513.0,LGJVR
15396.0,BHHYN
12418.0,BTAWM
16828.0,PNXLB
14712.0,LLNCB
12991.0,DCZFT
14772.0,ZCHAM
12364.0,FEHUD
12968.0,TXMNT
16330.0,NSARZ
14566.0,DHFSS
15701.0,SUWNF
12518.0,TGTEG
14529.0,JUBAB
16536.0,DVJMR
15313.0,JPXVB
15801.0,CKGNL
16201.0,KKAYC
16555.0,EWCGK
16952.0,LAWYO
14387.0,LXHXB
17073.0,TPNBJ
18147.0,HJRVB
14523.0,ESDSH
14418.0,KXQNJ
12642.0,XHNHW
16968.0,SSNJN
16723.0,JGTPK
13411.0,TBLOO
16340.0,SRDGA
13236.0,MVLXO
14196.0,NTYWK
15263.0,DIRIG
14314.0,CSJGY
16093.0,BWXJR
17844.0,MSPBX
14687.0,XEDVZ
14050.0,JIWYQ
16429.0,JHVOU
14055.0,DFBLS
12715.0,NWBXE
15663.0,QHZRU
18200.0,XUVEB
18167.0,ZBRHD
13644.0,LIVVZ
17451.0,SDABW
16641.0,WEMLT
13812.0,GTDWM
14141.0,MPMKV
15074.0,TGFDQ
12492.0,MCCGP
17183.0,KKBIV
15325.0,UTMAJ
13778.0,PHKLS
14869.0,VWVQI
14096.0,BMALR
14108.0,HNOVG
12814.0,XHLKZ
15866.0,ZGLJV
14660.0,EZQHC
13726.0,VWTMP
15690.0,STKHK
17777.0,TCWEV
16278.0,FUWMK
13276.0,RPGYA
12436.0,VCPUM
13147.0,BRJUN
13045.0,REHSZ
13099.0,HTKPY
12739.0,FBEMM
14420.0,GBFYT
14436.0,ZGHWF
18027.0,TJNBN
12794.0,TGSFJ
12832.0,BCKNE
16674.0,TRJTK
12375.0,OXOMJ
16173.0,QINWG
14171.0,FXFRC
13434.0,WCKQL
16761.0,VWARZ
14067.0,OUGHU
13808.0,FDBNS
12851.0,RZKVP
14335.0,QDOJG
14965.0,NBKAF
15136.0,YPLVF
16629.0,EFSUN
18261.0,LAIDF
15307.0,EJGRP
16820.0,ESDYY
17309.0,WHAOH
13949.0,LXMBP
14360.0,WIGNI
16400.0,LETTA
14208.0,ESEKB
12526.0,ETNYJ
13130.0,NQSMY
13210.0,XJPFC
17481.0,JENMY
12685.0,DJUCZ
17573.0,QMMZJ
14452.0,HRHLJ
13889.0,EVYBL
15488.0,GNMFP
18222.0,XFHTN
13244.0,CXBHV
17004.0,RTECT
13441.0,SQIBF
13823.0,DXKQP
12879.0,KJTGJ
16603.0,ZFCOO
14824.0,MTRSZ
16910.0,TNLVM
15652.0,MVGUK
16362.0,WYLJI
15035.0,UVKKE
14508.0,CQZDG
13272.0,BQQLK
17317.0,CCRJX
14212.0,GTYNG
13372.0,BROJA
18255.0,GTQRX
14250.0,RIBTT
16796.0,WNVXM
14432.0,JZZEN
15782.0,MXDHA
12883.0,DBNXM
12965.0,YTTHB
15533.0,JJDIO
18215.0,RUYDW
18158.0,AQIBQ
13375.0,CLJVJ
13431.0,CTYGU
16211.0,OOODU
12884.0,KQXPW
16141.0,PQOIG
17919.0,AUPUF
16360.0,LFPFU
17433.0,YWNWM
13704.0,SQWML
14020.0,TFHGZ
14359.0,ABOQM
16451.0,MNFOE
12940.0,RSEPU
15216.0,QULME
15522.0,JYQQB
17037.0,YTVWI
12822.0,NSLFR
15343.0,JYPCR
14753.0,TKYUI
16959.0,VCNLQ
18251.0,RNXFE
13032.0,ATFDC
12895.0,MCBDC
17640.0,OCEAS
13860.0,IJEIJ
12756.0,FHASV
18001.0,VLOYE
17728.0,UPUJV
15933.0,BDPMO
14284.0,AWIWA
17347.0,UBGGC
15103.0,FZKWW
15707.0,ITVHM
13430.0,TYKGY
12566.0,AMUOK
13321.0,XGFHZ
13877.0,IMRTN
15272.0,UZJHF
15322.0,ATTMH
17333.0,ODBIR
13518.0,ZXQJX
14306.0,RLLQS
17679.0,APDNI
16160.0,GEJMI
15573.0,WPJER
14894.0,TRPHD
17434.0,PBXOR
15466.0,ZFGOL
15511.0,NGJFK
17846.0,LYQBR
16189.0,FYTAL
15417.0,VDMKU
12995.0,WNRCC
14557.0,TWZMG
16108.0,KSMKW
17144.0,KZCWC
16924.0,SVNKU
15099.0,NHSCX
13323.0,XBTMP
14124.0,HQKAI
15975.0,JDDRA
15523.0,IXUDW
16878.0,KAOAA
15947.0,STKAK
13247.0,ACNPF
13566.0,DYQJK
18194.0,OTAPP
16689.0,NVUZU
16438.0,MBAYX
13067.0,QORQA
16460.0,WPIHF
13325.0,JKZYJ
12640.0,KVGJM
13774.0,HTSFI
12497.0,TARKV
12752.0,RSVQX
15504.0,NNITS
15500.0,VIMCB
17557.0,RJGJR
13228.0,PFGLX
14356.0,SEIYU
13416.0,WYFXW
17628.0,QTZAY
16527.0,SQVOW
16428.0,IASMU
15341.0,SZCRU
16215.0,PPGPT
14164.0,INGFG
15888.0,GDAIR
17564.0,BUNQJ
13356.0,GIJVC
12390.0,JSZFX
18228.0,HUBZN
17415.0,AZAPX
13350.0,IHMZR
12550.0,EAOQP
16627.0,WHBSD
17475.0,LMTXY
14951.0,VQABB
14780.0,PIZSE
14887.0,BZNFZ
15399.0,OHQEL
17466.0,EKGID
16379.0,BLUMN
17172.0,LHPKU
15239.0,PXGDH
16213.0,AAJWS
15603.0,LEOIV
14261.0,PKLHD
12657.0,PRFTH
15571.0,JHDGM
15484.0,TURJM
12936.0,VRNDP
16236.0,OLOND
16669.0,XHKAF
15398.0,YRKKY
12906.0,VLPOM
17079.0,NCMJA
14125.0,BGSZV
17163.0,GAFAR
12952.0,GXNFX
12579.0,DOUVB
13279.0,CJMYJ
12425.0,FPKOO
16715.0,WPLVN
13519.0,UZZZJ
12546.0,YOYJH
15744.0,TRYWH
13127.0,WOSQU
15714.0,IQAMP
17480.0,HRVDF
15763.0,MBPHA
15075.0,SKETU
16978.0,WQLWZ
14014.0,BJNVP
16240.0,EXOZE
13336.0,WCADG
14652.0,USMLY
15807.0,GITDM
15762.0,CNOUT
15475.0,DRAPR
15978.0,YQPXH
16485.0,NNWBC
12488.0,ZOHQW
13083.0,BJXKR
16169.0,LDBKE
17506.0,DKIDW
16480.0,EDMAG
17006.0,OGBUM
17498.0,TXFWW
17131.0,FOCYL
13536.0,WCRGN
15429.0,QWITV
17154.0,CFTDK
16594.0,PTLJS
16049.0,SFFME
14757.0,NKFHU
16198.0,NMJDU
13670.0,AFRTK
18066.0,JFZNI
14806.0,VCXWW
12783.0,GUHKP
13429.0,TKDTZ
15154.0,UFRKJ
13390.0,OUBCF
12925.0,XFBUN
13927.0,QAJZT
18205.0,OVSEL
14908.0,QKJRQ
13639.0,NOBFJ
15958.0,DKRCJ
15492.0,UJZBV
15243.0,BVYLH
16468.0,MEHRU
15344.0,PBVIA
13866.0,KFZCH
12612.0,TGFMO
16999.0,KGIBW
13514.0,SYQKP
13314.0,PJBLJ
17805.0,HDDIE
18278.0,HDJFM
13979.0,GZQVY
16181.0,ROQLR
15568.0,WENMW
16354.0,LVZLP
14412.0,MHANC
16119.0,WDLPV
14109.0,IJVPY
16157.0,LIPSO
15348.0,MWPST
16281.0,KTCGC
13924.0,EWIQU
14434.0,WFZGY
13061.0,MVKEE
17513.0,MDDPI
16909.0,JBRDM
16650.0,CUASJ
18192.0,MQRXB
17447.0,AEHAB
17427.0,RVUBO
15175.0,XVXOE
13960.0,VLDBK
17528.0,REDDQ
16361.0,TQXIX
13886.0,XRJZM
13354.0,AAKWG
15050.0,DNAFM
13503.0,UZJQM
16653.0,YLLHO
16574.0,ISUTS
13759.0,WRCLH
17813.0,IYRCD
12718.0,WJLFP
15949.0,KPNVJ
12703.0,BTZCG
13364.0,NFGEM
16268.0,YSVYT
18053.0,DGXPS
16101.0,JPRQZ
15565.0,AFMRY
18217.0,CAQKG
13954.0,QBIWE
15593.0,CYHQM
13095.0,SZVNF
15287.0,JOZKI
13347.0,DZKEF
15185.0,RCDWP
16404.0,FHHDF
16613.0,STRXU
16591.0,UEHYF
15774.0,KMUJL
13558.0,JEDQW
16930.0,NLBZE
16533.0,YEXXL
18059.0,OSYKV
14488.0,XXCUA
16747.0,MDKBH
14333.0,PCXRO
13635.0,NBXGO
17330.0,IRNOF
17321.0,PRIZE
14815.0,OLWVD
15091.0,VGYAS
15088.0,OZBNH
15930.0,FRVTI
16183.0,IRXWW
13297.0,WFTSM
13801.0,YNWWO
16881.0,GAASE
17014.0,HULRO
15255.0,DKSAK
14184.0,WYAYQ
13351.0,ZHWON
15739.0,EVHJB
12512.0,PFLSZ
17957.0,BQUZG
15276.0,ZDJYR
15127.0,FIFIM
16106.0,KMTNB
17666.0,NKCGN
13483.0,AODCM
16478.0,RDDWG
17382.0,FNEWD
12789.0,WLMXQ
16020.0,GFFWH
17222.0,VXQXE
16803.0,IEDIG
13947.0,MJRRZ
16758.0,YNNFU
12719.0,DQVYG
17647.0,OCIGO
14054.0,NTTAI
12723.0,QMURD
18033.0,WMXKB
13845.0,WHECM
15837.0,CFMKD
12628.0,MHELQ
13177.0,FZDPB
14317.0,SHLYT
16295.0,QSYWJ
13602.0,SVPEI
16895.0,IAHKY
17295.0,HSWUT
13504.0,XECVT
13422.0,HMLYO
15264.0,OOLJZ
16432.0,POMRY
13816.0,OJEET
14518.0,SWDII
13882.0,CONAG
15937.0,QAMMB
12923.0,MZPYE
17453.0,GRLML
15766.0,VGMUW
15300.0,QLBOC
13348.0,YBNBS
14592.0,LVBGM
14792.0,OYMPF
17030.0,TILZX
12420.0,SJJMN
14427.0,DRCDU
12519.0,EFXAY
13359.0,UANOQ
14138.0,SSGZN
15297.0,UHZZX
13876.0,LLUYP
12740.0,VEOZA
17086.0,ZZCKG
13806.0,ROJJX
18096.0,STHKX
13587.0,VAUDZ
12856.0,CCHJJ
13419.0,KAOFL
17509.0,FYSRI
16900.0,ZGJDG
13689.0,VMUVO
13755.0,WHLCO
16104.0,IMAWA
13259.0,YCDNS
16248.0,AVQDE
15612.0,GYTRD
15787.0,IYKWN
16595.0,LIMXX
13260.0,IFDWF
15821.0,WSPXQ
18088.0,VQRZL
16685.0,RHREO
13193.0,YZBDG
13212.0,JCVMO
14801.0,FNGJE
16380.0,QXOFH
16921.0,CMTVM
15193.0,YDLPF
14027.0,TWVRA
16179.0,HLBPN
15473.0,UYCEH
17425.0,UFEFI
18169.0,MGZIN
18126.0,KNTYJ
16688.0,XCPNX
16982.0,ZAUZH
15330.0,JLKDW
17186.0,ZPCVW
13685.0,VNRCT
16776.0,SNIMD
13980.0,NYWJA
13352.0,UDZXX
15553.0,HOYVN
15886.0,PDTEM
17203.0,IHIDY
12607.0,GLVTF
17459.0,NXANY
12772.0,OTHNN
16561.0,WHDSN
14121.0,QXRGM
12371.0,GBGML
17119.0,MRAUQ
17620.0,CZOAL
12824.0,USOVP
14710.0,YAVUN
16120.0,PZGSZ
14624.0,DUAVO
16171.0,RVARX
12536.0,XQDYJ
13690.0,RPEKC
17934.0,ZRKWC
14642.0,TPEUE
12602.0,PPXGS
16753.0,DZQRW
17737.0,ONJVA
13464.0,VPWWA
12667.0,SUUQJ
12498.0,JVTBM
14537.0,OZMIT
17279.0,MPMYF
14251.0,ATLXW
12446.0,BXSTL
12631.0,RAPIR
14234.0,WSTJD
14975.0,GQETM
13853.0,RWBDT
16773.0,NPIHK
16430.0,IOQJU
16793.0,CJQIS
18130.0,UINKA
17614.0,UUSHI
13858.0,KQGHG
14856.0,ADQPS
14089.0,UFNFA
15478.0,VHITE
16413.0,KZSEQ
13810.0,TZNUL
16416.0,EYLED
13006.0,CDPEJ
17986.0,ZLMKS
12454.0,OVLYO
14910.0,KGSGF
16243.0,FTYEQ
13878.0,GBUKA
16934.0,ORNHC
15994.0,LMLUI
14547.0,BJFCO
16052.0,QPFHH
15113.0,JGLGY
12475.0,EZMRK
16542.0,MJCMT
18042.0,CAGYQ
16563.0,FHFUN
17201.0,SGBPF
17520.0,ZFCZG
13923.0,JNMXW
16412.0,PLHLL
17205.0,WIFBX
17534.0,DADDO
15335.0,OPKCS
16737.0,YGRGQ
15066.0,JQMRP
17206.0,XCJPO
17785.0,WHEYG
16932.0,AARHO
16363.0,QXVTS
14830.0,XWLLG
17244.0,FUBWT
15355.0,RBJTU
15598.0,JUBQC
15637.0,MRYNX
16848.0,XFLZO
15678.0,EDZYR
14015.0,NEVAC
13594.0,TXZRQ
15327.0,FANON
14861.0,FOMZT
14554.0,KGPJR
12611.0,MLJUZ
14179.0,GFTAV
15604.0,VRSGR
14381.0,ZOTFQ
12572.0,WWRIG
16123.0,RRJWW
16851.0,HPGZV
17148.0,KKZIU
17549.0,KPDZJ
17973.0,WDFXP
15610.0,BGKPZ
15853.0,MMZWG
18019.0,RADKS
14698.0,AFSOM
16826.0,CLSRR
17824.0,VWPOF
12522.0,QAVKZ
15803.0,AUDPD
15006.0,ZGUSU
17350.0,RVYQL
14799.0,TYYAE
15814.0,QXOAT
16260.0,SSUDL
14638.0,EJJAZ
17354.0,IMPXZ
13245.0,MDNTE
14923.0,GEEVA
16177.0,WADOM
13366.0,TBBDR
16284.0,YAIZO
16846.0,EITYM
14484.0,CMCOG
13897.0,GQEKI
14585.0,AKTZR
17125.0,OVPFY
15836.0,PFJCY
16313.0,KTJWX
13460.0,PFMJX
12403.0,EGSVQ
14967.0,OQZTQ
15286.0,YBVHW
17832.0,EQKTI
12646.0,EGOKY
16015.0,TLLGF
16311.0,HFAZT
15728.0,GKCUV
15740.0,DSNVA
13974.0,ZGAIV
15677.0,TMVOG
15000.0,NPFAC
16017.0,DTMWE
13471.0,JJLFB
13598.0,OXCRI
18005.0,JKKHH
15427.0,MRCZQ
15022.0,HHABG
17111.0,LATJM
17836.0,NQHRZ
14629.0,FPZLT
15592.0,BNJTU
15277.0,UOMCP
16491.0,IXNYY
15516.0,PYAOE
14764.0,YPMGJ
16742.0,XERRN
15142.0,LPVHO
17344.0,HJDVU
18240.0,URIZA
17081.0,RNQIZ
14474.0,WCLZD
14139.0,YGMAQ
15844.0,MICFF
13176.0,XEFJY
12398.0,BIUYY
15345.0,XWSPJ
16708.0,UADXX
15963.0,COZKT
18045.0,IPXER
13182.0,KWYLW
15158.0,WMLMQ
13028.0,MOUAE
13978.0,SWFOZ
16056.0,MKSFA
12812.0,WJHCE
16071.0,TQIFJ
14539.0,EWHJJ
14550.0,MCOMU
17712.0,MMEIN
14102.0,RIXNL
14598.0,PFEMB
15320.0,GDEYW
16415.0,WUMPI
12448.0,GZQMK
12827.0,TEMWO
16345.0,JVZSP
15993.0,EERHB
17895.0,KVBIW
15948.0,WJGBI
15659.0,JHIZT
18154.0,LZCSR
12630.0,YCJRF
13363.0,GTGSL
18276.0,IBOFW
17684.0,OGJTO
17878.0,GEJLS
14752.0,IPZQM
16847.0,QSQDM
14971.0,XEEHM
17545.0,FGWIW
16026.0,DXRSI
16513.0,AIQNA
12430.0,BMFTL
14357.0,TIISW
16855.0,RJBGZ
16680.0,ZWIZN
18035.0,APJAM
16648.0,EHEKF
16164.0,BLUJP
14218.0,OPNOW
15096.0,SYPDP
18030.0,FTVIF
14416.0,ODDQW
17839.0,QTDCJ
16601.0,XJXLK
12912.0,BEOMU
13278.0,QLHUT
14582.0,PUVSD
15748.0,PUSOU
16079.0,TJZPX
17590.0,IGTLY
15054.0,HJSAM
14158.0,GXIRP
15385.0,TIEYM
16506.0,KSXOQ
13822.0,SXSKY
18067.0,CJNEU
16190.0,HFYAM
15444.0,JUJDW
13607.0,AEFSB
12581.0,IEGKE
15360.0,RXUFF
13103.0,PHEHB
15667.0,EZPEV
13651.0,NYEBS
12552.0,AWYTM
16127.0,GZETQ
12588.0,AHXQX
15977.0,WOZTW
13697.0,ZZOQA
14345.0,NTUHL
17503.0,QSDVS
16830.0,PTRBH
17495.0,MVFFF
12491.0,UBIGW
14485.0,AVOXO
13868.0,BGPFM
15423.0,TUBQF
17668.0,RJFII
16971.0,RNNVX
16352.0,AHFIB
16884.0,FECOC
15830.0,JHRDU
14216.0,XHBYV
15275.0,ZVMNI
16790.0,FBJYT
15576.0,OMHFV
18105.0,YRJHU
18164.0,IKSJK
14974.0,YGEBO
17947.0,NVPNY
13318.0,ZWYAR
18104.0,ZUXXP
13271.0,WXQUL
17595.0,KHTVC
14528.0,OPFDF
17432.0,RSQYZ
16337.0,KRZVQ
14098.0,KHFCJ
15551.0,UECSD
16347.0,TMMCH
13721.0,AQHBP
16322.0,VGYYU
17403.0,HVGFP
16914.0,PEALL
16602.0,NDYKB
12544.0,KWUJC
13914.0,IAUKW
13467.0,FOZGP
17221.0,QIYBC
17078.0,ZIFGK
13447.0,IMPUO
15010.0,NHZWO
18022.0,INKWW
16318.0,BONYQ
17274.0,VGNAV
15597.0,VFWNY
17233.0,OAULA
16887.0,EBOBO
13938.0,QGCEO
17084.0,FTODL
14882.0,YBTYO
15017.0,UEUWH
12882.0,LVVSD
17387.0,UGXBL
13727.0,HVKQF
13532.0,TBSKR
16445.0,CGLRY
15156.0,UCKNF
16372.0,RYWWB
17608.0,LSUSX
12638.0,ZWWUL
14174.0,MTHNA
14039.0,KWEWH
13040.0,PKVRP
15883.0,JBQJY
14664.0,SDKTW
15526.0,RSEFN
17831.0,SZAON
15025.0,WOPGQ
12357.0,OKKUM
17761.0,BUCSK
15870.0,CWDFR
14080.0,AUOVH
17623.0,DPKIL
13673.0,OISRG
14073.0,XRZVO
16070.0,ZSQNP
13066.0,YRMFI
14929.0,MRMTC
13710.0,WLMMQ
16732.0,VOSNS
14140.0,SHQAJ
17219.0,FWOBD
16505.0,AKHEU
15957.0,GLPZE
18123.0,ZOBST
15043.0,RQBDU
17313.0,WFNWR
18216.0,BGRMC
17022.0,YNCOQ
15153.0,RRKZX
16759.0,SOVOM
16751.0,NPHQO
12893.0,ZHYZD
14836.0,YYYPM
17011.0,SLTUI
12532.0,CRFHO
17038.0,DPWWD
14968.0,KBFDF
12504.0,BRKEH
16516.0,PYNMA
13522.0,ZVXAX
15986.0,HATUY
13992.0,STCLY
14354.0,SVULP
16986.0,NVKXI
16953.0,ZWKFI
18274.0,TFMEG
15450.0,NCJSG
15531.0,KBKMH
17500.0,UEPYP
17197.0,BIZVF
16025.0,VXGHU
12659.0,FKEPY
17461.0,GEZIL
17791.0,BXPIL
15463.0,FQISI
17977.0,QGHHN
12617.0,ZJXCV
14863.0,UGVZL
16903.0,SXFWY
12508.0,LUFTY
17502.0,IJDDR
12538.0,SMFYF
17901.0,VSXRX
14789.0,EODIE
18209.0,VBLKI
12985.0,ZHDLR
15557.0,JMACN
16433.0,DBXOQ
15692.0,PPYAN
17052.0,GRSZL
16368.0,FVHVV
18014.0,DFFTY
13732.0,ULCTR
13091.0,OBIMW
14661.0,FXSBR
13170.0,VUFZS
15654.0,DOXDI
13146.0,EAQBQ
14788.0,GBICU
13603.0,DAXAE
14382.0,RGPDH
16720.0,FWUCY
14904.0,RGDTR
14494.0,GIDXY
14902.0,TTJQK
16936.0,OFWAU
12938.0,WBEHA
15168.0,HDBMI
17538.0,PLWOE
18082.0,EWXAM
18117.0,ILCZC
15458.0,QPRQU
17566.0,FDJSR
16207.0,UNJKH
12762.0,BUYCE
17793.0,FRONL
14953.0,RWWQW
16504.0,ANQJN
12374.0,FIIDM
15009.0,IVOCX
16423.0,NYJOB
15419.0,LAKMP
17510.0,MCJLD
15758.0,WEIDB
15524.0,ZMOEY
14725.0,DBBEM
14666.0,RYAOR
14714.0,GTGAP
17153.0,TEQTG
12950.0,JCROS
15720.0,TVOES
18181.0,AEUZD
15556.0,HDSGY
17357.0,MQTRJ
12890.0,HMCPC
13449.0,ATUOR
15269.0,VMAMZ
14385.0,HMVKQ
15900.0,AGSQO
17680.0,DLXOR
13926.0,XXUTE
16204.0,PYZUW
17896.0,WPIMV
17835.0,LKSPV
15432.0,QPDMK
18006.0,QHJMG
15657.0,VKELF
17237.0,NGZGK
13160.0,OMEFM
12847.0,MYFPB
17397.0,EQAOH
17985.0,HGTXA
14362.0,NRZWN
13828.0,XJGPB
15435.0,YQPLU
12445.0,FVQBJ
12603.0,DTWUT
14641.0,ILCZS
12618.0,XIVGO
15621.0,KPCUR
12391.0,CEWES
18034.0,XTVDG
17286.0,MFJAL
17904.0,VFAAO
17301.0,QVIHP
15368.0,GQZDG
14793.0,VFHRT
17650.0,TCNEZ
12702.0,KSUBG
14881.0,CGJUQ
16784.0,IQKVW
14052.0,TLIXH
18110.0,YLFLL
17561.0,TWKKD
15988.0,GGXLX
17523.0,LSCTT
14950.0,LHGDS
16666.0,APFNC
14860.0,FXHYB
17636.0,VCVGH
13832.0,SVOXR
13142.0,NVSAM
16366.0,LTEYN
14300.0,TGMNY
12349.0,OKRTP
12658.0,MNPKD
12795.0,XCXIZ
15567.0,SHJWZ
15645.0,FHQIF
16406.0,GNODX
15857.0,YXJAU
12984.0,IEKAR
17253.0,AHSPZ
13739.0,LOSVP
18139.0,VLZDQ
15274.0,NLROK
17010.0,UJKBG
15115.0,JRPTI
17100.0,NHWLW
15699.0,BUYNQ
13403.0,LQKLM
16956.0,CKKSZ
17600.0,GLDJO
15877.0,PIENS
14424.0,POSCO
13322.0,KHPKR
17297.0,EZZSZ
13986.0,ACASA
12920.0,PGYKI
18249.0,DFDLP
15634.0,PPORR
16376.0,NMGOM
16811.0,APHRI
12452.0,YVKIR
14581.0,OAVVL
14675.0,WSETT
17290.0,XAOAN
16343.0,ETEWS
13638.0,OWLKI
16482.0,FVKPD
12784.0,KRQMK
17458.0,JHHVR
14785.0,TWJWK
17254.0,QWSYS
17767.0,EUEVN
15725.0,XCICZ
17247.0,CUEVN
18184.0,NTHPW
15428.0,RKHPQ
17727.0,BOYZQ
14756.0,TGQTZ
16856.0,IFTZB
14703.0,BBDTC
17385.0,CABAU
12531.0,KQXRL
15872.0,VDLMU
14966.0,OULRI
17232.0,LPPGL
17468.0,DLQHL
13332.0,AEKKO
14946.0,XETCJ
13256.0,XKLUH
13596.0,CAXCT
16024.0,ZMFHB
14954.0,VMTHF
17885.0,CRQHA
14093.0,KJYKS
14893.0,JVMHR
15721.0,XVAMF
17852.0,YHUYV
13844.0,SBZLQ
12479.0,PKGIE
12660.0,AQSRM
15540.0,XDUAQ
17379.0,NVASA
16800.0,GAJDM
17806.0,TOAHL
17359.0,UPRZO
13188.0,IUDNE
14480.0,SYHWM
13349.0,XREMG
15619.0,KMJDJ
15148.0,CFTQF
14601.0,LQDOF
15783.0,XJAUE
17772.0,UVCLW
14126.0,WKFNZ
16479.0,SDKVJ
13428.0,QEAUF
15790.0,DBWOS
13521.0,MTVHI
14349.0,MZHHX
18058.0,USWLI
12953.0,MKAFQ
12966.0,RHQYK
15060.0,TAVOY
17911.0,PGLSP
14804.0,DMLDB
15904.0,QDLTR
16789.0,KOKBG
12558.0,FMZPJ
17942.0,TTEJO
12587.0,RZIFN
13560.0,GYWGM
15539.0,ZGWZQ
13017.0,CLIFO
18174.0,TPXWT
13153.0,VRTXF
15773.0,MYDMV
17936.0,NZUED
16535.0,DHYOJ
16988.0,QGIMF
15097.0,FUDLN
18015.0,QIIOX
16597.0,TGJYB
13790.0,NWROF
14219.0,QYOJR
12367.0,WUSDV
17383.0,UZBAE
12478.0,EZXZB
15992.0,FGOSI
15318.0,ZSSBJ
17914.0,CHADR
16528.0,YDLAD
12442.0,STSKZ
16569.0,OOLDZ
12650.0,HPBAG
14578.0,HIUIP
16000.0,ZIAHE
15195.0,OXZUP
14087.0,ALIQT
14204.0,XGGJN
15471.0,JKMNQ
13436.0,ICNWJ
15520.0,FVXRW
13298.0,OSUVC
14569.0,WNNEI
12713.0,OVLBX
